molecule_name,atom_index,XX,YX,ZX,XY,YY,ZY,XZ,YZ,ZZ
dsgdb9nsd_000001,0,195.315,0,-0.0001,0,195.317,0.0007,-0.0001,0.0007,195.317
dsgdb9nsd_000001,1,31.341,-1.2317,4.0544,-1.2317,28.9546,-1.7173,4.0546,-1.7173,34.0861
dsgdb9nsd_000001,2,31.5814,1.2173,-4.1474,1.2173,28.9036,-1.6036,-4.1476,-1.6036,33.8967
dsgdb9nsd_000001,3,31.5172,4.1086,1.2723,4.1088,33.9068,1.695,1.2724,1.6951,28.9579
dsgdb9nsd_000001,4,31.4029,-4.0942,-1.1793,-4.0944,34.0776,1.6259,-1.1795,1.626,28.9013
dsgdb9nsd_000002,0,275.635,0.0003,0.0133,0.0003,275.636,-0.0003,0.0161,-0.0004,237.497
dsgdb9nsd_000002,1,31.2593,5.6126,-2.1025,5.6136,37.4364,-3.5567,-2.4461,-4.1372,27.9884
dsgdb9nsd_000002,2,31.0341,-5.4827,-2.0299,-5.4837,37.6618,3.5987,-2.3616,4.1861,27.9885
dsgdb9nsd_000002,3,40.7507,-0.13,4.1318,-0.13,27.9413,-0.0419,4.8083,-0.0488,27.9889
dsgdb9nsd_000003,0,310.096,0,0,0,355.773,0,0,0,324.155
dsgdb9nsd_000003,1,24.6745,0,0,0,39.173,-6.6879,0,-8.8417,31.6296
dsgdb9nsd_000003,2,24.6745,0,0,0,39.173,6.6879,0,8.8417,31.6296
dsgdb9nsd_000005,0,0.0482,0,0,0,0.0482,0,0,0,278.265
dsgdb9nsd_000005,1,-180.131,0,0,0,-180.131,0,0,0,339.694
dsgdb9nsd_000005,2,24.3125,0,0,0,24.3125,0,0,0,39.0232
dsgdb9nsd_000007,0,190.362,0.0004,0.0008,0.0001,177.015,0.0007,0.0008,0.0005,177.01
dsgdb9nsd_000007,1,190.362,0.0005,0.0009,0.0002,177.015,0.0006,0.0009,0.0007,177.01
dsgdb9nsd_000007,2,31.7293,-2.894,3.3643,-2.1656,29.7981,-3.3396,2.5174,-3.3395,30.8073
dsgdb9nsd_000007,3,31.7292,-1.4667,-4.1883,-1.0976,27.6631,2.1074,-3.134,2.1072,32.942
dsgdb9nsd_000007,4,31.7291,4.3606,0.824,3.2632,33.4467,1.2323,0.6166,1.2323,27.158
dsgdb9nsd_000007,5,31.7291,-1.4666,-4.1882,-1.0976,27.6631,2.1073,-3.1341,2.1071,32.9421
dsgdb9nsd_000007,6,31.7293,-2.894,3.3642,-2.1656,29.7982,-3.3397,2.5173,-3.3395,30.8071
dsgdb9nsd_000007,7,31.7291,4.3606,0.824,3.2632,33.4467,1.2324,0.6167,1.2325,27.158
dsgdb9nsd_000008,0,187.238,-3.5712,-0.0039,-3.5338,110.666,-0.0015,-0.0071,-0.0044,119.809
dsgdb9nsd_000008,1,298.035,18.1911,-0.0127,58.2958,376.812,-0.0046,-0.0533,0.0226,309.018
dsgdb9nsd_000008,2,31.1875,-2.4626,4.2006,-1.4452,25.3385,-1.6955,1.4855,-1.8006,27.7574
dsgdb9nsd_000008,3,31.1879,-2.4714,-4.1953,-1.4485,25.3464,1.6992,-1.483,1.8055,27.7502
dsgdb9nsd_000008,4,31.3344,4.4993,-0.0047,1.7401,28.1958,-0.0042,-0.0016,-0.0054,25.2997
dsgdb9nsd_000008,5,34.3675,7.175,-0.0004,5.5269,40.3643,0.0012,0.0013,-0.0003,23.6893
dsgdb9nsd_000009,0,201.081,0.0018,0.0002,0.0029,178.642,0.001,0.0008,0.001,178.642
dsgdb9nsd_000009,1,292.067,-0.0106,0.0025,-0.0615,32.745,-0.0002,0.0615,-0.0002,32.7449
dsgdb9nsd_000009,2,260.832,-0.0199,0.0144,0.0248,60.6636,-0.0001,-0.0319,-0.0001,60.6651
dsgdb9nsd_000009,3,31.4411,-2.4509,4.3815,-1.501,27.2642,-3.2667,2.6832,-3.2668,31.2766
dsgdb9nsd_000009,4,31.44,-2.5681,-4.3134,-1.5727,27.4438,3.3708,-2.6409,3.3706,31.0971
dsgdb9nsd_000009,5,31.4391,5.0193,-0.0683,3.0726,33.1038,-0.104,-0.0416,-0.1037,25.4375
dsgdb9nsd_000009,6,40.2342,-0.0034,0.0041,0.002,25.5483,0,-0.0024,0,25.5483
dsgdb9nsd_000010,0,202.739,0.0045,-0.0032,0.0047,182.16,-0.0026,-0.0015,-0.0027,182.165
dsgdb9nsd_000010,1,289.861,0.0072,-0.0294,0.0152,-19.189,0.0005,-0.0614,0.0005,-19.189
dsgdb9nsd_000010,2,312.471,0.0171,-0.0652,0.0084,-156.691,-0.0044,-0.0159,-0.0044,-156.687
dsgdb9nsd_000010,3,30.8142,-2.2618,4.3084,-1.2669,27.4584,-3.1841,2.4131,-3.1843,31.8527
dsgdb9nsd_000010,4,30.8164,-2.6016,-4.1134,-1.4569,27.9969,3.494,-2.3042,3.4949,31.3145
dsgdb9nsd_000010,5,30.8161,4.8633,-0.1948,2.7232,33.512,-0.3103,-0.1096,-0.311,25.7997
dsgdb9nsd_000011,0,173.319,-34.9358,-0.0612,-19.2913,158.471,0.0146,-0.0469,0.0349,147.651
dsgdb9nsd_000011,1,-13.8561,22.9944,-0.0122,20.5661,-79.9195,0.006,-0.0157,-0.0052,104.23
dsgdb9nsd_000011,2,-714.277,-219.534,-0.2168,-243.803,-570.512,-0.1104,-0.2102,-0.1141,357.668
dsgdb9nsd_000011,3,28.543,-3.5878,-0.002,1.152,33.2123,0.0032,0.0007,0.008,27.7187
dsgdb9nsd_000011,4,29.0037,1.775,-1.4893,-0.2322,28.954,-0.2294,-2.599,-1.6474,30.9785
dsgdb9nsd_000011,5,29.0021,1.7666,1.4946,-0.2313,28.9452,0.2266,2.6022,1.6381,30.9782
dsgdb9nsd_000011,6,22.3306,-0.3791,-0.0005,-4.5186,21.8153,0.0004,-0.0018,-0.0002,20.25
dsgdb9nsd_000012,0,180.743,101.043,0.0025,62.7778,133.609,-0.0008,0.0077,-0.0096,171.441
dsgdb9nsd_000012,1,52.7684,-51.0676,-0.0008,-40.28,-32.4448,0.0098,-0.0025,0.0054,103.985
dsgdb9nsd_000012,2,-321.233,55.0985,0.0026,8.3577,-181.512,0.0155,0.0068,0.0074,325.478
dsgdb9nsd_000012,3,25.1175,7.0168,-0.0017,1.0552,32.5486,-0.0012,-0.0009,-0.0025,24.6582
dsgdb9nsd_000012,4,32.1642,-1.8355,-0.0012,-1.6205,25.7813,-0.0001,-0.0024,0.0013,24.0875
dsgdb9nsd_000012,5,23.6243,-2.6414,0.0004,3.5377,26.3042,-0.0002,0.0003,-0.0007,20.319
dsgdb9nsd_000013,0,186.705,-5.2098,-0.0003,-12.0661,171.101,0.0015,-0.0019,-0.0021,161.851
dsgdb9nsd_000013,1,175.565,0,-0.0015,0,171.447,0,0.0019,0,163.437
dsgdb9nsd_000013,2,186.705,5.2098,-0.0003,12.0661,171.101,-0.0014,-0.002,0.0022,161.851
dsgdb9nsd_000013,3,29.9846,-2.4349,1.9984,-1.5787,30.6383,-4.0067,1.5029,-3.3895,31.9587
dsgdb9nsd_000013,4,29.9847,-2.4344,-1.9967,-1.578,30.6416,4.0078,-1.5013,3.3906,31.9557
dsgdb9nsd_000013,5,36.257,3.0997,-0.002,1.7682,28.8304,-0.0009,-0.0019,-0.0013,26.6235
dsgdb9nsd_000013,6,29.2321,-0.0004,0,-0.0002,31.6772,5.1373,0.0001,4.8032,29.8314
dsgdb9nsd_000013,7,29.2321,0.0004,0,0.0002,31.6772,-5.1374,0.0001,-4.8032,29.8314
dsgdb9nsd_000013,8,29.9847,2.4344,-1.9967,1.578,30.6416,-4.0077,-1.5013,-3.3906,31.9557
dsgdb9nsd_000013,9,36.257,-3.0997,-0.002,-1.7682,28.8304,0.0009,-0.0019,0.0013,26.6235
dsgdb9nsd_000013,10,29.9846,2.4349,1.9984,1.5787,30.6384,4.0067,1.5029,3.3895,31.9587
dsgdb9nsd_000014,0,186.451,2.5352,0.0003,9.2938,173.907,0,0.0003,-0.0004,158.179
dsgdb9nsd_000014,1,147.866,-30.0195,-0.0022,-26.1256,136.222,-0.0017,-0.0041,-0.0009,106.073
dsgdb9nsd_000014,2,360.316,23.0829,0.0087,46.9892,278.046,0.0075,0.0085,0.0129,269.363
dsgdb9nsd_000014,3,29.1961,2.0947,1.814,1.3002,29.9431,3.8339,1.2583,3.0627,32.1903
dsgdb9nsd_000014,4,29.1961,2.0949,-1.8148,1.3005,29.9419,-3.8335,-1.2591,-3.0623,32.1915
dsgdb9nsd_000014,5,35.1914,-3.3426,0.0009,-2.9764,29.6654,-0.0006,0.0007,-0.0007,27.6076
dsgdb9nsd_000014,6,27.6487,-1.5739,0.8803,-0.878,29.4266,-4.5208,-1.1521,-3.5008,26.181
dsgdb9nsd_000014,7,27.6487,-1.5739,-0.8804,-0.878,29.4268,4.5203,1.1521,3.5006,26.1809
dsgdb9nsd_000014,8,42.9055,5.7047,0.0034,3.69,30.5132,0.0019,0.0032,0.0017,22.7132
dsgdb9nsd_000017,0,103.792,-2.2002,0.0002,-13.3052,164.904,0,-0.0004,0.0001,182.819
dsgdb9nsd_000017,1,103.792,2.2004,-0.0001,13.3052,164.904,-0.0003,0.0003,0,182.819
dsgdb9nsd_000017,2,412.677,0,0,0.0001,184.021,-0.0006,0,-0.0015,422.365
dsgdb9nsd_000017,3,28.2045,-3.4365,1.2225,-2.6093,26.4817,-2.3716,6.8165,-2.6618,33.2588
dsgdb9nsd_000017,4,28.2045,-3.4365,-1.2225,-2.6094,26.4817,2.3715,-6.8165,2.6617,33.2587
dsgdb9nsd_000017,5,28.2045,3.4365,1.2225,2.6093,26.4817,2.3715,6.8165,2.6617,33.2587
dsgdb9nsd_000017,6,28.2045,3.4365,-1.2225,2.6094,26.4817,-2.3716,-6.8165,-2.6618,33.2588
dsgdb9nsd_000018,0,192.087,-5.4218,-0.0102,-19.7756,149.068,0.0047,-0.0085,-0.007,143.57
dsgdb9nsd_000018,1,-82.5519,0.0002,0.0059,0.0002,-33.2675,-0.0005,0.0083,-0.0008,104.626
dsgdb9nsd_000018,2,192.086,5.4221,-0.0095,19.7762,149.068,-0.0042,-0.0083,0.0063,143.57
dsgdb9nsd_000018,3,-371.062,0.0028,0.0145,0.0032,-849.621,-0.007,0.0148,-0.0023,319.714
dsgdb9nsd_000018,4,29.7994,-1.0674,-1.3741,0.8266,28.948,1.9224,-0.712,2.9979,30.0519
dsgdb9nsd_000018,5,33.32,4.536,-0.0029,-0.1341,29.2743,-0.0003,-0.0029,-0.0016,27.2617
dsgdb9nsd_000018,6,29.7984,-1.0666,1.3757,0.8252,28.9452,-1.921,0.7139,-2.9971,30.057
dsgdb9nsd_000018,7,29.7994,1.0673,-1.374,-0.8266,28.9478,-1.9222,-0.7121,-2.9979,30.0523
dsgdb9nsd_000018,8,33.32,-4.5359,-0.0027,0.1341,29.2742,0.0002,-0.0026,0.0015,27.2617
dsgdb9nsd_000018,9,29.7984,1.0666,1.3756,-0.8253,28.9454,1.9212,0.7137,2.9971,30.0567
dsgdb9nsd_000019,0,195.215,-0.6204,-5.7265,-7.3178,165.122,-0.0874,-2.6852,-2.5693,146.281
dsgdb9nsd_000019,1,-47.9198,-21.3344,0.9636,-32.7509,39.8344,0.4695,1.164,-0.5263,101.445
dsgdb9nsd_000019,2,190.956,57.5163,-2.3672,102.289,136.782,-1.5988,-9.1786,2.0552,165.603
dsgdb9nsd_000019,3,-169.2,-25.5752,1.9535,14.2727,-352.276,-6.7634,-3.0881,7.6882,316.502
dsgdb9nsd_000019,4,30.6039,-2.0812,-1.9767,-0.2029,31.1174,2.9245,-1.128,2.7088,28.4214
dsgdb9nsd_000019,5,31.9669,4.4448,-1.8092,0.8424,30.9157,-1.0821,-1.4203,-1.3619,27.4971
dsgdb9nsd_000019,6,30.0147,-0.662,2.8332,-0.3187,27.9866,-1.7365,2.1223,-1.6019,31.5332
dsgdb9nsd_000019,7,26.99,2.1769,-0.3336,1.0156,31.8903,-0.4778,0.1257,-0.8049,22.8515
dsgdb9nsd_000019,8,35.0489,-2.147,-0.8089,4.0701,23.3471,-0.5066,-1.4761,-0.078,24.6132
dsgdb9nsd_000021,0,156.98,-0.2834,-0.0631,-0.2743,188.489,4.9004,-0.1015,10.6283,152.384
dsgdb9nsd_000021,1,164.134,-0.0076,0.0051,0.0001,164.131,-0.0242,-0.0102,-0.0142,158.95
dsgdb9nsd_000021,2,180.877,-13.4798,4.2678,-13.4753,164.648,-2.4133,9.2533,-5.2477,152.343
dsgdb9nsd_000021,3,180.343,13.8067,-4.2382,13.7777,165.137,-2.4784,-9.175,-5.3806,152.389
dsgdb9nsd_000021,4,28.2924,-0.0233,-0.0425,-0.025,30.7864,3.3487,-0.034,2.3783,33.971
dsgdb9nsd_000021,5,30.941,3.0863,-1.7331,4.3745,33.7035,-1.6401,-1.1048,-1.0013,27.3299
dsgdb9nsd_000021,6,31.0606,-3.1355,1.7742,-4.4195,33.5672,-1.6248,1.1354,-0.994,27.3428
dsgdb9nsd_000021,7,27.2778,-0.0024,0.0013,-0.0026,27.2698,-0.0026,0.0003,0.0003,34.9161
dsgdb9nsd_000021,8,30.1829,-1.0686,2.92,-1.0697,28.8927,-1.6444,2.0765,-1.166,33.9673
dsgdb9nsd_000021,9,29.7823,-3.7076,-0.5551,-2.4211,34.8603,2.3266,-0.3152,1.4582,27.3313
dsgdb9nsd_000021,10,36.2124,1.4508,-2.2898,0.1662,28.42,-0.7254,-1.4237,-0.4854,27.3403
dsgdb9nsd_000021,11,36.2378,-1.3032,2.3014,-0.0211,28.3934,-0.6823,1.4311,-0.4579,27.3373
dsgdb9nsd_000021,12,29.6684,3.6132,0.5136,2.3256,34.971,2.336,0.2886,1.4677,27.3342
dsgdb9nsd_000021,13,30.1424,1.091,-2.8888,1.094,28.9345,-1.6964,-2.0528,-1.203,33.9713
dsgdb9nsd_000023,0,47.6181,0,0,0,47.6181,0,0,0,286.802
dsgdb9nsd_000023,1,47.6181,0,0,0,47.6181,0,0,0,286.802
dsgdb9nsd_000023,2,57.2217,0,0,0,57.2217,0,0,0,280.22
dsgdb9nsd_000023,3,57.2217,0,0,0,57.2217,0,0,0,280.22
dsgdb9nsd_000023,4,25.3116,0,0,0,25.3116,0,0,0,41.2974
dsgdb9nsd_000023,5,25.3116,0,0,0,25.3116,0,0,0,41.2974
dsgdb9nsd_000026,0,-777.406,-234.434,0.0272,-298.292,-681.376,-0.0131,0.0279,-0.0083,405.678
dsgdb9nsd_000026,1,-20.5251,51.8566,0.0036,40.2482,-18.274,-0.0044,0.0041,-0.0035,109.501
dsgdb9nsd_000026,2,276.514,-54.0403,0.005,-51.0796,43.8069,-0.0006,0.0035,-0.0005,27.1594
dsgdb9nsd_000026,3,202.527,-13.6294,0.0021,-28.8617,64.4448,-0.0005,0.0016,-0.0007,67.5199
dsgdb9nsd_000026,4,23.6858,-0.1225,0,-3.4901,22.7253,0.0001,0,0.0001,19.877
dsgdb9nsd_000026,5,34.6623,-1.539,0.0001,-1.8179,26.1225,0,0.0001,0,25.2672
dsgdb9nsd_000027,0,-816.444,-261.865,0.0328,-299.999,-712.779,-0.0084,0.0408,0.0002,410.394
dsgdb9nsd_000027,1,-23.833,67.5664,0.0027,48.1607,9.2267,-0.0051,0.0054,-0.0035,106.877
dsgdb9nsd_000027,2,271.748,-63.4698,0.0052,-61.9922,0.8741,-0.0005,0.0002,-0.0001,-19.8673
dsgdb9nsd_000027,3,239.718,-54.6379,0.0018,-87.0939,-155.731,-0.0004,0.0082,-0.0035,-138.256
dsgdb9nsd_000027,4,23.5854,0.7915,0.0003,-2.8666,23.3145,0.0001,0,0.0002,20.5701
dsgdb9nsd_000028,0,-887.606,-168.169,1.1212,-166.099,-514.564,-0.1564,1.3041,0.0592,383.513
dsgdb9nsd_000028,1,-5.7935,49.8134,0.0953,33.9883,-54.5962,-0.0898,0.1001,-0.0518,86.6234
dsgdb9nsd_000028,2,-5.7933,49.8133,-0.0964,33.9884,-54.5961,0.0887,-0.0995,0.0509,86.6232
dsgdb9nsd_000028,3,-887.606,-168.169,-1.1163,-166.098,-514.563,0.1561,-1.2941,-0.057,383.513
dsgdb9nsd_000028,4,22.9429,1.2875,0.0005,-1.5268,21.1217,-0.0038,0.003,0.0004,22.4856
dsgdb9nsd_000028,5,22.9429,1.2874,-0.0005,-1.5268,21.1217,0.0036,-0.003,-0.0004,22.4856
dsgdb9nsd_000029,0,178.453,-0.3545,1.3594,-0.3546,179.746,-5.3048,1.3595,-5.3051,198.7
dsgdb9nsd_000029,1,45.584,-3.7185,14.2561,-3.7185,59.14,-55.6335,14.2562,-55.6334,257.906
dsgdb9nsd_000029,2,45.5827,-3.7191,14.2562,-3.719,59.1427,-55.632,14.2564,-55.633,257.908
dsgdb9nsd_000029,3,178.456,-0.3548,1.3597,-0.3545,179.746,-5.305,1.3595,-5.3051,198.701
dsgdb9nsd_000029,4,25.943,1.7914,1.6628,1.5513,30.5373,2.6021,2.1014,4.4821,33.5791
dsgdb9nsd_000029,5,31.8766,2.5764,-2.4357,3.082,26.8698,-2.3838,-4.2406,-2.9046,31.3131
dsgdb9nsd_000029,6,29.5857,-4.4989,1.2754,-4.7644,30.4761,-2.1794,2.6417,-3.5386,29.9976
dsgdb9nsd_000029,7,28.8456,-2.9439,-2.8737,-2.6776,27.7227,1.258,-4.2421,2.6149,33.491
dsgdb9nsd_000029,8,32.8848,1.2582,3.3585,0.7526,25.7388,-0.7406,5.1624,-0.2166,31.4359
dsgdb9nsd_000029,9,25.6748,1.5546,0.0178,1.794,34.4215,-2.4785,-0.4177,-4.3594,29.9629
dsgdb9nsd_000030,0,184.133,7.5198,-0.0004,11.0398,177.27,0.0004,0,0.0005,162.989
dsgdb9nsd_000030,1,186.313,-0.8789,0.0007,-0.8832,175.688,0.0014,0.0004,0.002,163.176
dsgdb9nsd_000030,2,261.269,-85.0475,0.006,-88.9297,59.77,-0.0024,0.0178,-0.007,20.1621
dsgdb9nsd_000030,3,234.375,-65.3159,0.0089,-54.9966,83.2097,-0.0025,-0.005,0.002,63.5385
dsgdb9nsd_000030,4,28.8353,2.2311,0.9224,1.0047,31.1598,4.3485,0.3035,3.6917,31.6952
dsgdb9nsd_000030,5,28.8352,2.2311,-0.9222,1.0046,31.1602,-4.3485,-0.3033,-3.6917,31.6948
dsgdb9nsd_000030,6,37.2109,-1.047,-0.0002,-0.2342,28.2756,0,-0.0002,0.0001,26.7874
dsgdb9nsd_000030,7,29.0545,-1.0959,1.5662,-0.6974,30.4162,-5.5116,0.5781,-4.7873,29.0262
dsgdb9nsd_000030,8,29.0539,-1.0953,-1.566,-0.6971,30.4153,5.5118,-0.578,4.7873,29.0264
dsgdb9nsd_000030,9,38.6501,-4.6886,0.0006,-3.985,26.8978,-0.0002,-0.0005,0.0002,25.4459
dsgdb9nsd_000031,0,185.466,7.0352,0.005,8.9314,179.433,0.0029,0.0091,0.0067,167.985
dsgdb9nsd_000031,1,188.277,-0.4866,0.0268,-0.4757,178.64,0.0178,0.025,0.0263,164.729
dsgdb9nsd_000031,2,245.538,-109.062,0.1035,-112.163,22.3164,-0.0449,0.228,-0.096,-29.4545
dsgdb9nsd_000031,3,242.336,-165.378,0.2543,-147.4,-89.0865,-0.0594,0.0413,0.0129,-149.417
dsgdb9nsd_000031,4,28.5569,2.363,0.9879,1.012,31.1168,4.4599,0.2036,3.8891,31.7653
dsgdb9nsd_000031,5,28.556,2.3615,-0.9866,1.0111,31.1201,-4.4605,-0.2026,-3.8883,31.761
dsgdb9nsd_000031,6,37.0594,-1.3862,-0.0015,-0.8038,28.4297,-0.0001,0.0001,-0.0001,26.7553
dsgdb9nsd_000031,7,28.7029,-0.6498,1.1816,-0.1033,30.6655,-5.5275,0.057,-4.5151,29.417
dsgdb9nsd_000031,8,28.6962,-0.6424,-1.1787,-0.1019,30.6593,5.53,-0.058,4.5146,29.4159
dsgdb9nsd_000032,0,257.538,5.9646,-13.4624,0.8958,246.436,-15.643,-14.7752,-15.0488,217.62
dsgdb9nsd_000032,1,167.793,-16.3574,2.0504,-16.1369,163.227,5.7732,2.2297,5.9188,141.041
dsgdb9nsd_000032,2,254.72,100.053,5.4844,99.818,13.5878,2.2206,1.3529,-0.058,-26.2886
dsgdb9nsd_000032,3,249.295,146.872,7.4188,127.242,-100.213,-2.3951,18.3908,1.476,-156.376
dsgdb9nsd_000032,4,40.7521,3.204,-1.4757,1.3387,29.178,-1.1572,-1.1668,-1.5778,25.0007
dsgdb9nsd_000032,5,29.4763,-2.9833,-0.1614,-0.3228,33.1699,-7.7181,-0.7983,-6.5821,32.0144
dsgdb9nsd_000032,6,27.3027,-1.1719,0.5565,-0.9026,28.6961,6.0661,0.1908,4.3795,27.9146
dsgdb9nsd_000032,7,27.6298,-0.3565,-0.3533,-0.623,30.3688,-4.6044,-0.2928,-3.2951,27.053
dsgdb9nsd_000033,0,379.698,12.1146,-0.0153,36.9874,282.615,-0.0095,-0.0158,-0.0148,273.555
dsgdb9nsd_000033,1,143.963,-30.6031,0.0028,-27.5895,152.592,0.0016,0.0044,0.0017,115.287
dsgdb9nsd_000033,2,272.691,71.8733,0.0023,72.1054,50.4338,0.001,0.0002,0.0002,27.6438
dsgdb9nsd_000033,3,231.001,50.5399,0.0018,40.2345,75.6642,-0.0009,0.0045,0.0002,56.8167
dsgdb9nsd_000033,4,44.5848,3.1869,-0.0061,1.6961,29.4663,-0.002,-0.0055,-0.0015,23.0035
dsgdb9nsd_000033,5,27.0838,-0.7613,0.4203,-0.5573,28.5258,5.1361,1.0344,3.4279,25.8026
dsgdb9nsd_000033,6,27.084,-0.7613,-0.42,-0.5575,28.5257,-5.1358,-1.0343,-3.4279,25.8026
dsgdb9nsd_000033,7,37.8938,3.6467,0,2.7937,26.1942,0,0.0003,0.0001,25.505
dsgdb9nsd_000034,0,380.211,17.2298,-0.0495,47.46,294.693,-0.039,-0.0577,-0.0535,284.384
dsgdb9nsd_000034,1,147.853,-31.6603,0.0092,-29.8859,151.766,0.0062,0.0133,0.0077,119.424
dsgdb9nsd_000034,2,262.546,91.3044,0.0082,87.3787,7.0698,0.002,0.0053,0.001,-22.9639
dsgdb9nsd_000034,3,251.792,130.608,0.0136,114.311,-110.839,-0.0083,0.0284,-0.0013,-166.714
dsgdb9nsd_000034,4,44.3793,3.3849,-0.0202,2.4518,29.3253,-0.0073,-0.0186,-0.0054,22.909
dsgdb9nsd_000034,5,26.8189,-1.0932,0.0239,-1.0675,28.6943,4.9557,0.4136,3.0966,26.2283
dsgdb9nsd_000034,6,26.8196,-1.0931,-0.023,-1.068,28.6944,-4.9544,-0.4134,-3.0963,26.228
dsgdb9nsd_000037,0,177.468,-26.2358,-0.0002,-26.2975,120.88,0.0018,-0.0039,0.0007,115.579
dsgdb9nsd_000037,1,11.6245,166.594,-0.0062,125.455,194.073,-0.0017,-0.0163,0.0068,249.455
dsgdb9nsd_000037,2,86.899,-48.2298,0.0036,-34.7132,-37.9125,-0.0008,0.0035,0.0017,60.66
dsgdb9nsd_000037,3,-327.122,-23.2735,-0.0049,-55.5661,-187.55,0.0068,0.0033,0.0144,274.76
dsgdb9nsd_000037,4,30.855,0.2009,-3.7228,-1.0512,25.1025,-0.1533,-2.963,-1.5177,28.2576
dsgdb9nsd_000037,5,28.0832,-3.2205,0.0006,-1.0279,29.6804,-0.0013,0.0004,-0.0013,26.0385
dsgdb9nsd_000037,6,30.8562,0.2033,3.7218,-1.0499,25.1035,0.1552,2.9623,1.5193,28.2549
dsgdb9nsd_000037,7,24.3848,-2.7808,-0.0002,2.0444,25.5174,0.0001,-0.0001,-0.0002,21.1923
dsgdb9nsd_000038,0,299.279,4.2021,2.255,4.9928,315.819,7.9787,3.7076,18.0376,334.283
dsgdb9nsd_000038,1,143.414,6.205,6.0266,9.0294,117.463,-3.4522,4.9833,-2.4593,101.543
dsgdb9nsd_000038,2,-16.6619,1.8811,17.8373,10.8457,-72.3365,44.3749,4.7063,39.575,67.9525
dsgdb9nsd_000038,3,-832.904,-153.62,208.651,-81.3181,-374.188,224.538,200.786,225.429,284.158
dsgdb9nsd_000038,4,27.0018,3.5588,1.5078,2.6518,28.1546,6.8483,3.5154,6.9611,38.8933
dsgdb9nsd_000038,5,28.9065,2.9184,-0.5108,3.2017,28.1193,-2.2505,-0.0441,-2.1698,25.9799
dsgdb9nsd_000038,6,27.978,3.2121,1.2497,1.797,27.791,2.5622,-0.0924,2.7055,27.23
dsgdb9nsd_000038,7,20.7318,-1.0596,0.4794,-3.637,21.1343,0.1993,1.4248,-0.4528,21.8982
dsgdb9nsd_000039,0,189.208,-3.0072,-0.0012,-8.9018,170.533,0.0184,0.0006,0.0043,163.432
dsgdb9nsd_000039,1,175.271,1.5875,-0.0065,8.8298,162.472,0.0057,-0.0113,0.0215,148.82
dsgdb9nsd_000039,2,175.271,1.5875,-0.0065,8.8299,162.472,0.0064,-0.0121,0.022,148.819
dsgdb9nsd_000039,3,189.208,-3.0071,-0.0012,-8.9017,170.533,0.0179,0.0005,0.0043,163.433
dsgdb9nsd_000039,4,30.8958,-2.4772,2.702,-1.7549,29.8512,-3.7348,2.0656,-3.205,31.7492
dsgdb9nsd_000039,5,30.8959,-2.4775,-2.6939,-1.7534,29.8692,3.7425,-2.0586,3.2126,31.7351
dsgdb9nsd_000039,6,35.5321,4.1295,-0.0089,2.8261,29.7259,-0.0062,-0.0074,-0.0068,26.5242
dsgdb9nsd_000039,7,30.3817,-0.051,-0.2346,-0.394,30.8232,4.5373,0.1225,4.1637,29.8975
dsgdb9nsd_000039,8,30.383,-0.0486,0.2344,-0.3915,30.8239,-4.5388,-0.1223,-4.1647,29.8934
dsgdb9nsd_000039,9,30.3817,-0.0509,-0.2346,-0.3939,30.8231,4.5374,0.1224,4.1637,29.8975
dsgdb9nsd_000039,10,30.3831,-0.0487,0.2344,-0.3915,30.8239,-4.5387,-0.1223,-4.1647,29.8933
dsgdb9nsd_000039,11,30.8959,-2.4774,-2.6941,-1.7534,29.8688,3.7423,-2.0587,3.2125,31.7354
dsgdb9nsd_000039,12,30.8958,-2.4773,2.7018,-1.7549,29.8515,-3.735,2.0655,-3.2051,31.7488
dsgdb9nsd_000039,13,35.5321,4.1295,-0.0086,2.8261,29.7259,-0.006,-0.0071,-0.0066,26.5242
dsgdb9nsd_000040,0,188.909,-4.0135,0.0009,-9.2949,176.399,-0.0011,0.0008,-0.0009,171.702
dsgdb9nsd_000040,1,175.459,-1.2431,-0.0011,5.9681,166.668,-0.0044,0.0022,-0.0041,147.386
dsgdb9nsd_000040,2,158.863,-24.0825,-0.0091,-12.8757,115.997,-0.008,-0.0126,-0.0085,96.6789
dsgdb9nsd_000040,3,343.17,33.9486,0.0296,62.9668,297.942,0.0358,0.0212,0.0468,268.866
dsgdb9nsd_000040,4,35.3525,4.0406,-0.0003,2.7718,29.8277,-0.0003,-0.0002,-0.0004,26.7553
dsgdb9nsd_000040,5,30.5727,-2.3517,-2.6161,-2.0878,30.1439,4.1573,-1.8679,3.5712,32.1324
dsgdb9nsd_000040,6,30.5723,-2.3509,2.6166,-2.0871,30.1418,-4.1569,1.8682,-3.571,32.1342
dsgdb9nsd_000040,7,29.5796,-0.4189,0.5553,-0.7654,30.2541,-4.3972,0.2458,-3.7795,30.2842
dsgdb9nsd_000040,8,29.5803,-0.4193,-0.5551,-0.7654,30.2555,4.3969,-0.2455,3.7791,30.2821
dsgdb9nsd_000040,9,29.2716,-1.5182,1.1611,-1.178,28.0887,-3.6767,-1.2704,-3.1582,26.3639
dsgdb9nsd_000040,10,29.272,-1.5177,-1.1617,-1.178,28.089,3.6756,1.2701,3.1581,26.3639
dsgdb9nsd_000040,11,40.8913,7.6653,0.0128,5.7343,32.7039,0.0111,0.0118,0.0098,22.5643
dsgdb9nsd_000044,0,186.038,7.9046,-9.7228,2.7727,154.477,-1.9863,-11.5918,-1.3829,173.593
dsgdb9nsd_000044,1,131.235,23.3635,-27.9354,32.7338,136.806,12.65,-33.1815,6.9509,158.73
dsgdb9nsd_000044,2,129.876,17.8116,-29.1204,18.4494,146.603,1.524,-24.3774,3.7294,156.967
dsgdb9nsd_000044,3,386.03,-29.9624,-28.3077,-53.0072,197.279,-79.0903,-31.5508,-65.804,358.564
dsgdb9nsd_000044,4,30.566,0.4061,-2.7151,0.2631,27.6894,-2.2344,-2.6296,-2.1691,35.4975
dsgdb9nsd_000044,5,33.0067,4.2796,2.2747,3.7693,30.4118,1.8975,0.6593,1.5212,27.6224
dsgdb9nsd_000044,6,32.6367,-4.475,0.1228,-3.4043,30.9579,-0.81,-1.1301,0.2273,26.6173
dsgdb9nsd_000044,7,27.373,2.5641,-3.5528,-0.0363,23.1819,-0.8364,1.4086,-1.7183,36.5348
dsgdb9nsd_000044,8,31.106,-4.9097,-3.4378,-1.7548,27.5268,0.6862,-7.2345,2.1704,29.0936
dsgdb9nsd_000044,9,26.6846,0.1559,-3.6351,-2.2557,31.1277,-4.0804,0.5404,-5.7318,30.8823
dsgdb9nsd_000046,0,275.542,0.0042,-1.9138,0.0186,227.028,-0.022,34.7151,-0.0292,373.887
dsgdb9nsd_000046,1,158.564,-0.0027,41.8341,-0.0043,123.791,0.0038,65.079,0.0023,136.203
dsgdb9nsd_000046,2,191.61,-3.9484,23.7359,10.47,153.18,-1.1737,16.3648,5.0725,200.026
dsgdb9nsd_000046,3,191.61,3.9478,23.7363,-10.4707,153.178,1.169,16.3629,-5.0772,200.025
dsgdb9nsd_000046,4,32.2837,-0.0001,3.161,-0.0006,24.6746,-0.0047,2.6539,-0.0056,43.2657
dsgdb9nsd_000046,5,27.6143,-0.0004,4.0746,-0.0002,22.8329,-0.0002,-2.4706,-0.0005,34.5921
dsgdb9nsd_000046,6,32.4999,-6.7612,4.2507,-3.5144,30.7015,-1.5104,5.8185,-4.8912,30.6147
dsgdb9nsd_000046,7,27.6264,1.1062,2.9156,-1.5305,32.0839,3.6539,0.6481,6.1545,35.1432
dsgdb9nsd_000046,8,27.6266,-1.1066,2.9155,1.5305,32.0849,-3.6541,0.6483,-6.1546,35.1424
dsgdb9nsd_000046,9,32.4997,6.7609,4.2513,3.5139,30.7009,1.5105,5.8186,4.8913,30.6151
dsgdb9nsd_000047,0,165.261,0.0001,0.9611,0.0001,179.947,0,9.3748,0,151.459
dsgdb9nsd_000047,1,179.947,-0.0001,0,-0.0001,165.261,-0.9611,-0.0001,-9.3748,151.46
dsgdb9nsd_000047,2,165.261,0.0001,-0.9611,0.0001,179.947,0,-9.3748,0,151.459
dsgdb9nsd_000047,3,179.947,-0.0001,0,-0.0001,165.261,0.9611,0.0001,9.3748,151.46
dsgdb9nsd_000047,4,30.1781,0,-4.1839,0,27.682,0,-2.4588,0,30.8365
dsgdb9nsd_000047,5,35.1362,0,3.289,0,26.6796,0,1.9042,0,27.8171
dsgdb9nsd_000047,6,27.682,0,0,0,30.1781,4.1839,0,2.4588,30.8365
dsgdb9nsd_000047,7,26.6796,0,0,0,35.1362,-3.289,0,-1.9042,27.817
dsgdb9nsd_000047,8,35.1362,0,-3.289,0,26.6796,0,-1.9042,0,27.8171
dsgdb9nsd_000047,9,30.1781,0,4.1839,0,27.682,0,2.4588,0,30.8365
dsgdb9nsd_000047,10,26.6796,0,0,0,35.1362,3.289,0,1.9042,27.817
dsgdb9nsd_000047,11,27.682,0,0,0,30.1781,-4.1839,0,-2.4588,30.8365
dsgdb9nsd_000049,0,164.266,0.3623,0.1204,3.0819,187.762,-0.3369,0.4868,-0.3667,171.077
dsgdb9nsd_000049,1,-12.5665,-76.3848,0.0114,-37.061,6.0876,0.0239,-0.2137,-0.1341,130.873
dsgdb9nsd_000049,2,178.109,18.725,0.0396,13.3725,172.143,-0.1329,0.1241,-0.2807,152.755
dsgdb9nsd_000049,3,-291.887,-81.2185,-0.0995,-74.8539,-96.4436,0.0101,-1.366,-0.0598,84.7222
dsgdb9nsd_000049,4,153.695,106.795,0.3228,103.705,46.9804,-0.6395,-2.1242,0.0561,182.456
dsgdb9nsd_000049,5,28.347,0.1728,2.4613,1.604,29.7191,3.3155,3.1761,3.5354,31.0042
dsgdb9nsd_000049,6,28.6474,0.1623,-2.6237,1.7212,29.6716,-3.2005,-3.3526,-3.402,30.4737
dsgdb9nsd_000049,7,32.8111,-1.0108,0.1571,-3.0015,32.1959,-0.1484,0.2465,-0.1634,26.5538
dsgdb9nsd_000049,8,30.9492,-0.2699,3.3088,0.782,28.1024,-0.5972,3.7703,-1.0108,30.7378
dsgdb9nsd_000049,9,28.49,2.3962,-0.0041,0.168,34.587,-0.0224,-0.0082,-0.0517,26.4887
dsgdb9nsd_000049,10,30.9618,-0.2797,-3.2974,0.7792,28.1136,0.6042,-3.7739,1.0313,30.6984
dsgdb9nsd_000049,11,30.7774,-2.9815,-0.0126,-1.9441,25.9009,0.0097,-0.1102,0.0616,20.889
dsgdb9nsd_000050,0,28.575,0.0039,0.0019,0.0042,123.816,-0.0001,0.0009,0.0015,190.647
dsgdb9nsd_000050,1,75.3728,2.6389,-0.0008,-3.8502,8.2816,-0.0039,-0.0058,-0.0048,149.029
dsgdb9nsd_000050,2,43.6104,29.315,-0.0028,33.2599,40.3965,0.0016,0.0005,0.0015,170.845
dsgdb9nsd_000050,3,43.6045,-29.3157,-0.0001,-33.2603,40.4024,0.001,0.002,-0.0011,170.845
dsgdb9nsd_000050,4,75.3731,-2.6453,-0.0001,3.8433,8.2816,0.0016,-0.0069,0.0045,149.029
dsgdb9nsd_000050,5,30.0667,-0.0003,0,-0.0003,23.9038,0,0.0003,0,18.3992
dsgdb9nsd_000050,6,25.9721,0.8997,0,-0.5198,26.8723,0,-0.0003,-0.0003,22.2199
dsgdb9nsd_000050,7,26.6895,0.0808,0,-0.0487,26.2279,0,0,0,23.326
dsgdb9nsd_000050,8,26.6895,-0.0809,0,0.0487,26.2279,0,0.0001,0,23.326
dsgdb9nsd_000050,9,25.9721,-0.8996,0.0001,0.5199,26.8724,0,-0.0003,0.0003,22.2199
dsgdb9nsd_000051,0,54.0206,-49.4136,0.0057,-63.5689,78.6667,0.004,-0.0039,-0.0005,184.832
dsgdb9nsd_000051,1,38.6152,35.5733,0.0055,39.4033,45.6029,-0.0064,-0.0014,-0.0143,152.064
dsgdb9nsd_000051,2,-9.2136,-11.431,-0.0057,11.1042,62.3481,-0.0018,0.0003,0.0042,138.963
dsgdb9nsd_000051,3,-204.78,32.1873,-0.0095,27.6965,-80.8587,0.001,0.0189,0.0005,254.472
dsgdb9nsd_000051,4,29.6423,49.1331,-0.0043,26.9051,29.0638,0.0037,-0.0139,-0.0018,124.678
dsgdb9nsd_000051,5,25.2622,2.7209,0,2.2747,26.1976,0,0,0.0002,18.6614
dsgdb9nsd_000051,6,26.0006,0.5182,0,-0.4535,25.6864,0,0,-0.0009,22.7142
dsgdb9nsd_000051,7,24.7044,0.9742,0,0.2822,26.4675,0,0.0002,0,22.2385
dsgdb9nsd_000051,8,25.4505,-2.3101,0.0001,0.2739,26.2061,0,-0.0007,0,21.0189
dsgdb9nsd_000052,0,-72.0076,0.0005,-0.0052,0.0004,-20.1595,0.0065,0.0232,-0.0075,258.979
dsgdb9nsd_000052,1,-18.8477,-12.6302,-0.0112,6.1946,58.8136,-0.0023,-0.0059,-0.0074,116.788
dsgdb9nsd_000052,2,28.1813,35.4319,0.008,35.0849,53.9828,-0.0079,0.0015,-0.0008,165.513
dsgdb9nsd_000052,3,28.1812,-35.432,0.0082,-35.0848,53.9824,0.0047,-0.0001,0.0067,165.513
dsgdb9nsd_000052,4,-18.8476,12.6302,-0.0018,-6.1945,58.8136,0.0013,0.0072,-0.0128,116.788
dsgdb9nsd_000052,5,25.252,-0.8574,0,0.1716,25.5465,0,-0.0004,-0.0006,21.7434
dsgdb9nsd_000052,6,25.7081,0.3928,0,0.4375,26.3393,0,-0.0001,-0.0002,23.7365
dsgdb9nsd_000052,7,25.7081,-0.3928,0.0001,-0.4375,26.3393,0,0,0.0003,23.7365
dsgdb9nsd_000052,8,25.252,0.8574,0,-0.1716,25.5465,0.0001,0.0005,-0.0006,21.7434
dsgdb9nsd_000053,0,-93.6873,-1.0361,0.0015,57.1507,-27.7841,-0.0027,0.0163,0.0099,222.203
dsgdb9nsd_000053,1,-11.9218,-30.5442,-0.001,-21.3587,54.5032,-0.0013,0.0015,0.007,123.331
dsgdb9nsd_000053,2,-4.8801,31.1576,0.0048,14.5293,62.4043,-0.0008,0.0007,-0.006,136.031
dsgdb9nsd_000053,3,-194.644,9.705,0.0062,-6.5491,-63.3893,0.0107,0.0003,0.004,237.918
dsgdb9nsd_000053,4,-16.3976,-36.6769,-0.0055,-24.7679,48.3195,-0.001,-0.0061,0.0008,100.864
dsgdb9nsd_000053,5,24.8535,-1.3097,0,-0.4648,24.8753,-0.0001,0.0002,0.0003,22.3771
dsgdb9nsd_000053,6,24.1832,0.3061,0.0001,0.6682,26.4562,0,0.0001,-0.0004,22.7899
dsgdb9nsd_000053,7,25.876,1.8168,0,-0.5543,25.1189,0,-0.0006,0.0002,20.585
dsgdb9nsd_000055,0,152.644,-17.6653,6.7915,-17.2263,174.46,-12.7472,5.5127,-12.8144,148.086
dsgdb9nsd_000055,1,99.4742,0.0068,-4.2459,0.0069,105.983,0.0037,-3.0732,0.0022,154.32
dsgdb9nsd_000055,2,152.723,17.7128,6.8198,17.2731,174.381,12.7347,5.5398,12.8046,148.091
dsgdb9nsd_000055,3,187.165,-0.0432,-8.1079,-0.0423,147.681,0.0081,-9.0736,0.009,149.6
dsgdb9nsd_000055,4,269.665,-0.0559,-37.084,-0.0582,214.952,0.0413,-17.1178,0.0187,272.539
dsgdb9nsd_000055,5,34.2658,-1.6728,-0.6053,-3.3334,30.2353,0.2507,0.1893,-0.4095,27.8805
dsgdb9nsd_000055,6,28.6324,-0.1401,0.1568,1.4063,35.1196,1.4555,0.3986,0.1781,27.3096
dsgdb9nsd_000055,7,27.8866,-1.134,1.5672,-1.0208,29.3752,-3.5374,0.8923,-2.541,33.9858
dsgdb9nsd_000055,8,27.8912,1.1371,1.5754,1.0242,29.3701,3.5334,0.8985,2.5384,33.9865
dsgdb9nsd_000055,9,28.6296,0.154,0.1536,-1.3924,35.1228,-1.4548,0.398,-0.1779,27.3092
dsgdb9nsd_000055,10,34.2766,1.6642,-0.6062,3.3244,30.2244,-0.2493,0.1899,0.4093,27.8807
dsgdb9nsd_000055,11,32.8931,4.0282,1.4289,2.4866,30.9496,1.1301,0.4915,0.9335,27.442
dsgdb9nsd_000055,12,32.8793,-4.0326,1.4264,-2.491,30.9635,-1.1332,0.4894,-0.9345,27.4421
dsgdb9nsd_000055,13,30.8561,-0.0035,-3.7808,-0.0035,27.6038,0.004,-2.9529,0.0032,33.7033
dsgdb9nsd_000055,14,37.4613,-0.0134,-5.2786,-0.0134,25.0199,0.0054,-6.7972,0.007,34.4531
dsgdb9nsd_000056,0,171.169,-21.6553,-0.0258,-35.2972,162.031,0.0589,-0.0182,0.001,139.941
dsgdb9nsd_000056,1,-76.1301,19.2597,0.0509,8.2774,18.0103,-0.0077,0.057,-0.0052,104.882
dsgdb9nsd_000056,2,-514.741,-164.657,0.2487,-211.291,-783.107,0.0677,0.3003,0.343,351.225
dsgdb9nsd_000056,3,286.954,28.931,0.0532,30.4096,37.6975,0.0137,0.1929,0.0346,23.4353
dsgdb9nsd_000056,4,210.151,31.9027,0.0337,30.4338,69.8274,0.0079,-0.1098,-0.0286,70.9798
dsgdb9nsd_000056,5,29.2951,-1.4588,0.6885,0.7436,28.9986,-2.0755,-0.5932,-2.9606,29.9385
dsgdb9nsd_000056,6,29.3017,-1.4587,-0.6788,0.7544,29.0069,2.0784,0.6026,2.962,29.9175
dsgdb9nsd_000056,7,34.0145,2.0965,-0.0126,-2.4827,28.0942,0.0044,-0.0124,-0.0007,27.1359
dsgdb9nsd_000056,8,35.8753,1.3294,0.0093,1.9716,26.0529,0.002,-0.0072,-0.001,25.2055
dsgdb9nsd_000057,0,171.156,22.1824,0.0034,36.6314,160.146,0.0079,0.0025,0.0003,143.831
dsgdb9nsd_000057,1,-85.5623,-15.4302,-0.0093,3.5428,52.6438,-0.0004,-0.0098,-0.0006,98.4812
dsgdb9nsd_000057,2,-514.56,173.265,-0.0462,190.179,-805.002,0.0113,-0.0506,0.0421,350.482
dsgdb9nsd_000057,3,279.799,-45.3872,-0.0158,-46.8979,-4.3894,0.0035,-0.0234,0.0042,-23.6549
dsgdb9nsd_000057,4,245.264,-94.3808,-0.0244,-79.6626,-139.662,0.0036,-0.0012,-0.0047,-127.738
dsgdb9nsd_000057,5,28.8369,1.2804,0.5839,-1.1024,28.905,1.9879,-0.7687,3.0256,30.2096
dsgdb9nsd_000057,6,28.836,1.2806,-0.5854,-1.1007,28.9038,-1.9876,0.7672,-3.0253,30.2126
dsgdb9nsd_000057,7,33.93,-2.0715,0.0018,2.3093,27.8902,0.0006,0.0018,-0.0002,26.9694
dsgdb9nsd_000059,0,146.131,71.9104,0.003,104.083,164.488,0.0016,0.0009,-0.0031,161.806
dsgdb9nsd_000059,1,-30.6924,-39.9551,-0.0023,-41.4776,69.7228,-0.0007,-0.0015,0.0005,101.556
dsgdb9nsd_000059,2,-189.717,-31.5868,-0.0091,64.0402,-340.078,0.0024,-0.0149,0.0245,328.276
dsgdb9nsd_000059,3,291.457,-10.5459,-0.0028,-5.9927,41.039,0.0002,-0.0185,0.001,25.0201
dsgdb9nsd_000059,4,235.775,-14.1928,-0.0039,-33.6007,61.9633,0.0017,0.0106,-0.0003,69.0255
dsgdb9nsd_000059,5,33.694,0.4466,0.0008,6.1441,24.2456,0.0007,0.0013,0.0005,24.0953
dsgdb9nsd_000059,6,25.8603,0.9347,0.0002,-0.4554,31.9534,0.0008,-0.0005,0.0014,22.6678
dsgdb9nsd_000059,7,37.79,-0.5132,-0.001,-2.3292,25.7429,0.0002,0.0007,0,25.2495
dsgdb9nsd_000060,0,157.588,13.9222,-0.0018,22.3229,181.425,-0.0105,-0.0144,0.002,160.186
dsgdb9nsd_000060,1,-71.3417,-45.7551,0.0127,-29.6258,-23.4006,0.003,0.0235,-0.0197,94.5386
dsgdb9nsd_000060,2,-663.266,210.264,0.0811,221.266,-624.841,-0.0098,0.1225,-0.105,352.112
dsgdb9nsd_000060,3,-32.6344,-49.7133,0.0043,-41.7396,-24.1158,0.0167,0.0028,0.0226,81.9251
dsgdb9nsd_000060,4,-734.071,231.245,-0.06,195.785,-558.563,0.1465,-0.1003,0.2143,366.266
dsgdb9nsd_000060,5,29.281,0.2805,0.7237,-1.4717,28.2953,-1.9935,1.8401,-3.6733,30.3337
dsgdb9nsd_000060,6,29.2755,0.2812,-0.7195,-1.468,28.2964,1.9938,-1.8356,3.6736,30.3461
dsgdb9nsd_000060,7,33.482,-0.6157,-0.0038,3.133,29.1744,-0.0023,-0.006,-0.0014,27.1975
dsgdb9nsd_000060,8,22.7237,-1.0619,0,1.1009,21.977,0.0002,-0.0009,0.0005,22.2373
dsgdb9nsd_000063,0,166.338,12.4203,-4.6116,10.3971,180.618,-5.8441,-5.4427,-10.5135,153.16
dsgdb9nsd_000063,1,174.556,-0.0016,1.2636,-0.0005,167.372,-0.0012,1.0366,-0.0025,156.714
dsgdb9nsd_000063,2,166.336,-12.4186,-4.6126,-10.3957,180.62,5.8427,-5.4421,10.5139,153.156
dsgdb9nsd_000063,3,284.538,-0.0059,53.2797,0.0096,20.3561,0.002,56.6543,-0.0014,24.2435
dsgdb9nsd_000063,4,243.642,-0.0024,36.7962,-0.0123,63.5745,-0.0033,30.6359,-0.0013,73.579
dsgdb9nsd_000063,5,35.4179,2.523,1.4311,3.3142,29.8,0.0716,0.7719,0.1017,27.0246
dsgdb9nsd_000063,6,28.0985,0.1705,-0.9498,-1.4459,35.7585,2.3552,-0.7058,1.4134,27.195
dsgdb9nsd_000063,7,28.2379,0.9402,-1.1384,0.6443,29.7966,-2.9129,-0.1925,-1.9626,33.8428
dsgdb9nsd_000063,8,27.2649,0.0001,1.5387,0.0001,25.9262,-0.0001,0.3503,0.0001,34.019
dsgdb9nsd_000063,9,28.2377,-0.9401,-1.139,-0.6443,29.7968,2.9125,-0.1931,1.9623,33.8426
dsgdb9nsd_000063,10,28.0993,-0.1694,-0.9501,1.4473,35.7582,-2.3543,-0.7058,-1.4128,27.1944
dsgdb9nsd_000063,11,35.417,-2.524,1.4319,-3.3152,29.8004,-0.0721,0.7725,-0.102,27.0249
dsgdb9nsd_000063,12,39.5381,0.001,2.6373,-0.0009,25.3987,-0.0002,2.288,0.0002,25.7593
dsgdb9nsd_000065,0,170.334,-11.5764,-7.7176,-9.056,181.354,2.3524,-7.5801,9.9553,153.907
dsgdb9nsd_000065,1,155.184,6.3112,-2.0086,7.9447,159.462,-8.9825,-2.5121,-8.3154,133.052
dsgdb9nsd_000065,2,203.65,10.8367,-14.151,7.7625,241.664,2.8311,-11.2316,-7.254,208.2
dsgdb9nsd_000065,3,276.935,9.8302,70.4125,10.56,-28.5527,2.1235,71.3595,1.9335,-19.5946
dsgdb9nsd_000065,4,258.352,11.5111,91.6776,30.2356,-142.541,11.1419,78.3559,6.9994,-111.582
dsgdb9nsd_000065,5,35.3626,-1.5369,1.9129,-2.4305,28.524,0.0643,1.1782,-0.148,27.2445
dsgdb9nsd_000065,6,28.0247,-0.031,-0.8443,1.1514,35.6308,-2.4634,-0.6123,-1.6579,27.4335
dsgdb9nsd_000065,7,28.1762,-1.0468,-1.1927,-0.8431,29.6741,2.6418,0.1014,1.8811,33.8838
dsgdb9nsd_000065,8,26.1429,0.8478,0.7762,0.0952,25.9765,-0.8848,-0.5617,-0.0139,32.5096
dsgdb9nsd_000065,9,25.8949,0.4099,-1.473,0.5115,30.6298,-3.2074,-0.2505,-1.5081,37.3721
dsgdb9nsd_000065,10,26.4421,-1.7132,-2.7132,-3.75,38.1643,3.8489,-2.2716,1.7679,27.8306
dsgdb9nsd_000066,0,164.744,-13.4572,10.3527,-11.3519,177.778,-3.3035,10.4501,-10.6432,148.907
dsgdb9nsd_000066,1,126.262,11.7644,14.4323,12.1202,152.157,16.0838,14.3822,14.9147,113.08
dsgdb9nsd_000066,2,260.805,11.5111,-19.3176,17.0992,261.223,6.63,-2.5598,34.1234,284.285
dsgdb9nsd_000066,3,284.61,14.1032,-54.8802,15.5248,22.0953,-4.6157,-57.9007,-3.9453,28.998
dsgdb9nsd_000066,4,230.698,10.7183,-35.2878,13.7188,63.2811,-1.7325,-27.8296,-0.817,73.8698
dsgdb9nsd_000066,5,28.2819,-0.4533,0.4639,0.4753,35.3231,2.7067,0.3701,1.7772,27.557
dsgdb9nsd_000066,6,29.0946,-0.973,1.1592,-0.8216,29.4091,-2.566,-0.1867,-1.668,33.1865
dsgdb9nsd_000066,7,35.2075,-1.2223,-1.5381,-2.4528,28.3436,-0.3115,-0.4671,0.0129,27.2745
dsgdb9nsd_000066,8,25.3232,0.5567,-0.3525,0.1579,25.4358,0.8965,-0.2321,-0.4062,30.9208
dsgdb9nsd_000066,9,27.0237,1.4117,-1.9754,1.2775,30.2412,4.4634,-2.8054,3.822,38.9207
dsgdb9nsd_000066,10,38.2291,0.6855,-2.352,1.0335,25.3941,-0.2341,-1.9322,-0.1516,25.7327
dsgdb9nsd_000067,0,166.167,-13.3588,10.5013,-9.1937,180.238,-1.6164,10.2144,-9.2518,152.252
dsgdb9nsd_000067,1,128.084,11.275,12.7383,13.4307,153.555,14.0809,13.6459,13.5602,112.433
dsgdb9nsd_000067,2,259.398,1.7159,-12.1807,8.15,275.217,-4.3336,4.6842,23.4238,294.812
dsgdb9nsd_000067,3,275.635,19.7508,-68.2577,23.3932,-25.8979,-6.7453,-71.0237,-5.4855,-15.1665
dsgdb9nsd_000067,4,257.453,30.3892,-93.7009,36.6356,-148.434,-4.899,-76.7019,-2.3873,-120.601
dsgdb9nsd_000067,5,35.0846,-1.2336,-1.7195,-2.1913,28.298,-0.2683,-0.8321,0.0616,27.368
dsgdb9nsd_000067,6,27.9515,-0.1926,0.5631,0.9945,35.2953,2.6283,0.4766,1.8767,27.6109
dsgdb9nsd_000067,7,28.6327,-0.9478,1.1754,-0.7422,29.3155,-2.527,-0.3598,-1.6272,33.4669
dsgdb9nsd_000067,8,25.2412,0.5837,0.0107,0.0817,25.8307,0.9226,0.63,-0.3993,30.9271
dsgdb9nsd_000067,9,25.5906,1.9064,0.0419,1.5087,29.6148,3.5225,-0.9013,3.1259,39.9415
dsgdb9nsd_000068,0,171.441,7.0033,-4.4409,5.4322,187.033,-2.5194,-2.5871,-4.1306,161.736
dsgdb9nsd_000068,1,149.232,0.0046,26.2401,-0.0155,139.137,-0.0058,11.4729,-0.0081,150.195
dsgdb9nsd_000068,2,171.432,-6.9742,-4.4356,-5.3945,187.064,2.523,-2.5997,4.1328,161.7
dsgdb9nsd_000068,3,-3.4914,-0.0002,-8.1321,0.0111,86.2272,0.1846,-8.9081,0.198,-94.549
dsgdb9nsd_000068,4,-731.637,-0.1893,186.793,-0.1988,347.652,0.8932,177.931,0.8986,-470.024
dsgdb9nsd_000068,5,34.1577,1.7412,2.7429,2.7062,29.6762,0.6588,2.5078,0.7233,28.4038
dsgdb9nsd_000068,6,28.2353,-1.925,-1.6206,-2.007,36.4836,2.1475,-0.8778,1.5929,27.4193
dsgdb9nsd_000068,7,27.5584,0.2349,-1.8478,1.3382,29.9496,-2.7701,-1.0419,-1.5966,34.3435
dsgdb9nsd_000068,8,27.6689,0.0018,-0.8857,0.004,28.542,0.0038,-4.1682,0.0022,31.9896
dsgdb9nsd_000068,9,27.5572,-0.2298,-1.8426,-1.3374,29.9533,2.7728,-1.0405,1.5979,34.3431
dsgdb9nsd_000068,10,28.2429,1.9367,-1.6236,2.0196,36.4788,-2.1462,-0.8819,-1.589,27.4187
dsgdb9nsd_000068,11,34.1532,-1.7481,2.7415,-2.7136,29.6836,-0.6634,2.5029,-0.7273,28.4013
dsgdb9nsd_000068,12,22.5492,-0.0008,1.1344,-0.0043,21.6388,-0.0012,5.0478,-0.0018,21.5215
dsgdb9nsd_000075,0,182.845,-19.8331,-0.6527,-15.9287,146.647,3.1308,-1.4602,5.1238,157.864
dsgdb9nsd_000075,1,213.474,38.8973,-7.3431,66.6404,163.134,5.1741,-0.6627,-0.129,174.762
dsgdb9nsd_000075,2,-40.845,4.3337,-3.1639,1.1136,66.3149,-0.003,-8.7028,-1.5096,92.0735
dsgdb9nsd_000075,3,244.696,-28.2301,-7.4509,-55.6365,157.554,-7.1174,4.9467,-7.3062,162.904
dsgdb9nsd_000075,4,-77.1279,-3.4806,-2.7576,-6.8124,-141.7,1.2692,-15.3177,0.6514,338.5
dsgdb9nsd_000075,5,33.9026,1.3943,3.4521,0.5159,26.5537,1.6015,3.2193,2.8029,28.2652
dsgdb9nsd_000075,6,31.0748,-2.0627,-4.7834,-1.7024,24.9592,1.2245,-3.9602,0.1869,32.1104
dsgdb9nsd_000075,7,28.9497,-2.7392,0.829,-0.5958,30.2558,-2.0298,0.658,-2.2294,24.7528
dsgdb9nsd_000075,8,30.8911,0.1069,-0.5789,0.7818,32.952,-2.6598,-0.4907,-3.3158,22.1863
dsgdb9nsd_000075,9,29.1318,-3.4994,-1.7043,-1.7116,32.1787,3.1918,-1.2154,4.1819,24.8445
dsgdb9nsd_000075,10,35.2845,5.7455,-1.373,0.4564,26.6947,0.0467,-1.717,-0.04,24.5798
dsgdb9nsd_000076,0,172.811,26.0378,-0.0079,18.2321,117.959,-0.0022,-0.0071,-0.0023,123.407
dsgdb9nsd_000076,1,185.723,-44.4722,0.0001,-143.903,153.693,0.0183,-0.0003,-0.0014,264.968
dsgdb9nsd_000076,2,-73.8894,-12.1699,-0.0091,48.8313,57.3685,-0.0002,-0.0182,-0.0074,97.6915
dsgdb9nsd_000076,3,191.524,5.4877,0.0007,13.1409,168.542,0.0001,-0.0042,0.0011,141.19
dsgdb9nsd_000076,4,-73.842,123.27,-0.0452,121.597,-30.9477,0.029,-0.023,0.0101,205.729
dsgdb9nsd_000076,5,29.5943,3.1336,-3.4283,1.5137,26.3267,-2.4389,-2.5401,-2.2497,28.0487
dsgdb9nsd_000076,6,29.5962,3.1337,3.4291,1.515,26.3262,2.4385,2.5406,2.249,28.0497
dsgdb9nsd_000076,7,32.6179,-2.5235,-0.0013,-1.0356,27.4931,0.0005,-0.0016,0.0012,24.9533
dsgdb9nsd_000076,8,29.4679,1.7623,-1.6643,0.9116,29.9132,-3.7405,-1.252,-3.1943,29.6928
dsgdb9nsd_000076,9,34.1365,-3.677,0.0008,-0.086,30.319,0,0.0002,0.0004,26.6868
dsgdb9nsd_000076,10,29.4674,1.7619,1.6642,0.9115,29.9139,3.7408,1.2524,3.1946,29.6922
dsgdb9nsd_000076,11,21.4722,0.2764,-0.001,5.2926,26.8004,0.0007,0.0009,-0.0007,25.7209
dsgdb9nsd_000077,0,174.982,24.8059,0.0008,18.4221,118.492,0.0002,0.0007,0.0003,125.659
dsgdb9nsd_000077,1,150.327,-61.0849,-0.001,-211.908,104.879,-0.0013,0.0063,0.0008,235.47
dsgdb9nsd_000077,2,-59.5888,10.0948,0,41.8827,56.0994,0,0,0,80.3395
dsgdb9nsd_000077,3,195.185,2.0842,0.0033,12.0235,165.673,0.0014,0.0011,-0.0002,149.577
dsgdb9nsd_000077,4,-201.689,41.3126,0.001,37.3681,-333.507,-0.0044,0.0038,0.0068,299.328
dsgdb9nsd_000077,5,29.7124,3.1514,-3.3378,1.4638,26.2294,-2.2827,-2.4493,-2.2964,28.2166
dsgdb9nsd_000077,6,29.7124,3.1513,3.3379,1.4637,26.2293,2.2827,2.4494,2.2964,28.2169
dsgdb9nsd_000077,7,32.46,-2.6134,0,-1.1504,27.6577,0,0,0.0001,25.0675
dsgdb9nsd_000077,8,29.6709,1.4757,-1.6868,0.5695,29.4984,-3.3824,-1.2282,-3.2429,30.1118
dsgdb9nsd_000077,9,33.7271,-4.5209,0.0011,-0.6395,30.2413,-0.0005,0.0009,-0.0006,26.4817
dsgdb9nsd_000077,10,29.6711,1.4761,1.6861,0.5691,29.5003,3.3831,1.2274,3.2435,30.1098
dsgdb9nsd_000079,0,229.748,30.5875,9.5709,82.7174,111.224,-0.5553,-2.8517,-0.0739,171.655
dsgdb9nsd_000079,1,-56.642,1.4272,-12.7729,-3.9861,52.1941,-2.4846,-11.4842,-3.5382,96.7893
dsgdb9nsd_000079,2,-185.975,-59.4907,-50.674,-24.6507,-352.286,-20.1191,-38.3954,33.42,348.836
dsgdb9nsd_000079,3,158.035,27.9029,-12.8567,16.5461,119.685,1.0905,-7.7091,-0.8219,109.564
dsgdb9nsd_000079,4,357.394,-31.0485,10.4914,-68.6245,302.054,-7.1753,5.8028,-8.8518,286.45
dsgdb9nsd_000079,5,34.8362,-5.3913,1.3472,1.2582,23.7777,0.3069,1.389,-0.014,24.6127
dsgdb9nsd_000079,6,27.9924,2.4554,1.1214,1.8573,30.9217,1.5968,0.6841,2.996,23.7317
dsgdb9nsd_000079,7,28.1163,2.2027,-2.0115,2.4503,25.9391,-2.9839,0.3306,-3.3302,28.1923
dsgdb9nsd_000079,8,29.5728,2.9436,0.4364,2.7761,28.5671,2.4822,-1.3024,2.2824,24.5516
dsgdb9nsd_000079,9,42.1368,-5.3076,3.3826,-4.5598,30.4397,-3.541,2.9963,-2.7517,23.8295
dsgdb9nsd_000081,0,157.141,3.3338,-0.11,1.9132,186.881,6.4793,-2.8989,9.816,167.956
dsgdb9nsd_000081,1,164.942,-2.8845,-0.6401,4.4721,154.459,-4.1149,-1.1657,-4.1902,150.274
dsgdb9nsd_000081,2,180.557,-14.686,1.7219,-13.1634,174.718,0.1273,7.6669,-2.5987,156.823
dsgdb9nsd_000081,3,149.097,-13.2087,11.2084,-11.6771,109.394,-10.0915,5.2763,-6.5301,101.917
dsgdb9nsd_000081,4,345.628,19.5494,-20.4669,45.1143,275.302,-13.0968,-31.9646,-14.4562,290.182
dsgdb9nsd_000081,5,31.2397,-2.3566,1.4941,-3.3025,33.2052,-0.5759,0.7182,-0.4602,25.2489
dsgdb9nsd_000081,6,28.6375,0.4987,1.1284,0.4553,30.3791,3.504,1.231,2.6619,34.9395
dsgdb9nsd_000081,7,30.8632,3.1585,-2.2735,4.2783,33.2069,-1.9566,-2.1989,-1.6314,28.5593
dsgdb9nsd_000081,8,27.7334,-0.1659,0.7254,-0.5203,27.5029,1.0336,1.0099,1.3122,34.1197
dsgdb9nsd_000081,9,30.6015,-1.2081,3.1025,-1.7953,28.8172,-1.8463,2.6863,-1.3509,34.0405
dsgdb9nsd_000081,10,29.2849,-3.115,-0.7237,-2.0204,35.7238,2.8478,-0.0884,2.0021,27.4301
dsgdb9nsd_000081,11,35.7871,0.9806,-3.1758,-0.2361,28.5452,-0.5863,-2.2458,-0.3884,27.8152
dsgdb9nsd_000081,12,29.1996,-1.0369,0.2652,0.296,31.1634,0.4201,1.7803,-0.0802,23.1408
dsgdb9nsd_000081,13,29.2177,-0.865,1.5252,-1.6092,25.8124,-2.9729,-0.6031,-2.346,29.9372
dsgdb9nsd_000081,14,41.941,4.4449,-5.6261,3.1281,27.3362,-4.4737,-4.6928,-4.5355,26.6647
dsgdb9nsd_000083,0,187.015,4.1136,-3.3779,6.966,167.844,-4.5458,-5.0487,-5.5421,174.659
dsgdb9nsd_000083,1,169.739,-8.7094,4.1042,-8.3846,152.664,-5.2631,7.9767,-6.2294,147.763
dsgdb9nsd_000083,2,165.079,0.8578,1.3589,-5.2663,150.484,-2.4288,1.6147,-1.7883,154.495
dsgdb9nsd_000083,3,180.39,14.9491,-0.1198,13.7248,169.223,-0.9728,-6.7146,-4.0841,146.73
dsgdb9nsd_000083,4,157.596,-5.2223,-0.4458,-2.7652,186.359,6.3308,1.9052,10.3779,165.64
dsgdb9nsd_000083,5,36.1733,-2.9536,2.2359,-2.0453,28.3004,-1.3045,1.8034,-1.5311,27.5562
dsgdb9nsd_000083,6,31.0117,0.445,-3.9673,0.1365,27.2356,-0.5488,-2.9833,0.1036,34.7348
dsgdb9nsd_000083,7,31.5416,2.8392,0.3242,1.6886,33.6759,2.1676,0.5333,1.68,26.5286
dsgdb9nsd_000083,8,30.8255,-0.9526,-0.1565,-0.4997,34.7006,0.7388,-0.3219,0.2644,25.0655
dsgdb9nsd_000083,9,30.5268,0.1533,0.1176,0.2648,27.5287,-2.3549,0.1248,-1.9724,33.8784
dsgdb9nsd_000083,10,28.5126,0.1635,-0.3494,0.5557,27.4673,0.5412,-0.6016,0.6753,34.4289
dsgdb9nsd_000083,11,30.9239,1.3535,-3.2237,1.5436,28.869,-1.8095,-2.6042,-1.3392,33.0655
dsgdb9nsd_000083,12,35.961,-0.781,3.3825,0.5022,28.3807,-0.5265,2.3575,-0.3327,27.6814
dsgdb9nsd_000083,13,29.4785,3.167,0.634,1.8015,35.2688,2.6043,0.4533,1.8212,27.3802
dsgdb9nsd_000083,14,31.6773,-3.2904,2.3119,-4.3729,32.7449,-1.7999,2.0925,-1.3987,27.9302
dsgdb9nsd_000083,15,28.7993,-0.7506,-1.2202,-0.7953,30.506,3.555,-1.2118,2.6585,34.5593
dsgdb9nsd_000083,16,31.1056,1.8031,-1.2895,3.1527,34.1956,-1.1965,-0.7229,-0.7902,25.7237
dsgdb9nsd_000084,0,187.564,-3.704,-2.7892,-7.6405,169.006,5.1255,-3.2664,6.4428,175.488
dsgdb9nsd_000084,1,169.715,8.7996,4.3876,7.527,154.1,4.4814,7.2757,4.6563,147.098
dsgdb9nsd_000084,2,112.913,0.7618,-1.235,6.6704,140.351,-17.5188,-5.9697,-13.7369,106.242
dsgdb9nsd_000084,3,181.17,-15.0274,-3.9217,-12.9175,164.498,-0.1847,-9.2264,2.1755,146.256
dsgdb9nsd_000084,4,279.71,31.9979,6.6414,18.6887,288.187,4.2294,23.2283,4.4216,256.014
dsgdb9nsd_000084,5,30.7959,-0.6761,-3.9768,-0.2324,27.2544,0.7471,-3.0379,0.06,34.8955
dsgdb9nsd_000084,6,30.8447,-2.4734,-0.021,-1.6206,33.5006,-2.401,0.3884,-1.9225,26.082
dsgdb9nsd_000084,7,36.0989,2.65,2.4459,1.7595,28.1373,1.4068,2.1336,1.6728,28.2023
dsgdb9nsd_000084,8,30.753,-0.0018,-0.3318,0.2832,34.7005,-1.1856,-0.5161,-1.2491,25.5832
dsgdb9nsd_000084,9,30.5065,-0.5697,-0.378,-0.5669,27.1348,2.6553,-0.6814,2.1706,33.1712
dsgdb9nsd_000084,10,25.9956,-0.4581,-0.2478,-0.2835,26.6405,-2.3798,-0.2993,-0.5159,30.7842
dsgdb9nsd_000084,11,35.3086,1.9005,2.7749,0.3262,28.5771,1.009,1.7548,0.5727,28.3393
dsgdb9nsd_000084,12,30.055,-3.012,1.2973,-2.2331,34.2673,-2.7088,0.9054,-2.1094,27.5527
dsgdb9nsd_000084,13,30.7773,-0.6658,-2.9501,-0.9721,28.052,1.8341,-1.7382,1.3071,32.8656
dsgdb9nsd_000084,14,33.57,6.9062,5.0819,7.6409,35.847,1.9953,4.4489,1.3608,26.5788
dsgdb9nsd_000085,0,174.731,-18.6085,-21.5966,-20.9273,107.378,3.1159,-21.1033,5.7506,124.466
dsgdb9nsd_000085,1,288.799,19.6642,16.9241,25.0745,285.851,16.2584,10.2811,31.6668,310.812
dsgdb9nsd_000085,2,140.82,14.1605,28.5141,17.0154,100.695,10.2153,24.5923,8.7365,107.002
dsgdb9nsd_000085,3,177.508,-15.2386,0.5608,-13.0695,171.883,3.8731,-5.0663,6.098,150.228
dsgdb9nsd_000085,4,155.837,6.7329,0.6949,4.2379,186.055,-8.1808,4.2157,-9.7427,172.811
dsgdb9nsd_000085,5,33.958,2.3011,1.7333,0.3846,25.3232,0.7272,0.4084,0.9914,25.3699
dsgdb9nsd_000085,6,30.2021,-0.2822,-5.9991,-0.2644,26.093,-0.1301,-3.1376,-1.1903,30.1184
dsgdb9nsd_000085,7,31.2639,-4.8712,-0.3574,-2.1348,29.0503,-0.9395,-0.4201,-0.0029,24.2263
dsgdb9nsd_000085,8,27.1084,0.5216,2.1208,-0.0648,26.9034,-0.1252,-0.6079,-0.9021,30.7762
dsgdb9nsd_000085,9,29.9196,-1.2133,-2.968,-1.5114,29.0127,1.694,-2.2744,0.7947,32.9887
dsgdb9nsd_000085,10,35.3755,-0.0584,3.5109,-0.587,28.8945,0.2616,2.8075,0.0937,28.2323
dsgdb9nsd_000085,11,28.5224,-2.1617,-0.0215,-0.6717,35.4134,-2.4144,-0.14,-1.6327,27.3268
dsgdb9nsd_000085,12,31.7747,3.0459,2.5418,3.5115,32.2592,2.0493,2.6619,1.9189,28.7573
dsgdb9nsd_000085,13,28.7254,0.5126,-1.6255,0.4105,30.0923,-3.3703,-1.6538,-1.8475,34.3618
dsgdb9nsd_000085,14,30.7162,-1.4403,-1.1993,-3.3862,33.625,0.9973,-0.9472,0.354,25.704
dsgdb9nsd_000087,0,166.499,-13.3206,-4.7573,-10.7003,188.095,0.0219,-0.0684,-1.0421,146.871
dsgdb9nsd_000087,1,98.1032,-0.001,-21.1612,-0.0012,177.021,0,-29.4428,0.0001,134.429
dsgdb9nsd_000087,2,166.498,13.3202,-4.7575,10.6995,188.096,-0.0209,-0.0698,1.0434,146.869
dsgdb9nsd_000087,3,112.387,-0.0008,-7.4671,-0.0007,167.43,-0.0001,-14.3547,-0.0001,136.383
dsgdb9nsd_000087,4,354.193,0,31.8934,-0.0001,374.747,0.0001,67.4838,0.0027,151.673
dsgdb9nsd_000087,5,29.2271,1.048,0.2471,1.5576,37.4599,-0.0687,0.4182,-0.016,26.5816
dsgdb9nsd_000087,6,30.8306,-1.9222,-4.3065,-3.3575,29.5172,2.5048,-3.4994,1.6118,30.5325
dsgdb9nsd_000087,7,30.9711,-1.5535,3.6918,-3.2738,29.524,-2.2247,3.3971,-0.8987,30.2214
dsgdb9nsd_000087,8,30.8298,1.9224,-4.3063,3.3576,29.5174,-2.5053,-3.4991,-1.6123,30.5329
dsgdb9nsd_000087,9,29.2273,-1.0483,0.2468,-1.5579,37.4597,0.0695,0.4178,0.0167,26.5816
dsgdb9nsd_000087,10,30.9715,1.5534,3.6917,3.2738,29.5242,2.2245,3.3971,0.8986,30.2208
dsgdb9nsd_000087,11,27.6297,-0.6224,3.7099,-4.5135,32.226,-4.2661,3.4243,-1.9102,28.331
dsgdb9nsd_000087,12,27.6295,0.6222,3.7098,4.5133,32.2261,4.2663,3.4243,1.9103,28.3312
dsgdb9nsd_000088,0,177.344,16.0208,0.1501,14.4682,173.373,0.5827,0.5357,-0.7062,144.215
dsgdb9nsd_000088,1,104.708,-0.1698,2.9492,-15.6512,194.673,-2.1449,3.3474,0.2118,107.062
dsgdb9nsd_000088,2,256.753,-8.624,-14.1369,-11.0629,289.635,10.4091,-19.9618,18.0182,258.42
dsgdb9nsd_000088,3,174.676,0.1067,11.2599,3.8663,201.792,-2.6213,-3.1723,3.2575,145.287
dsgdb9nsd_000088,4,174.924,1.2165,-6.6967,3.3908,199.335,2.0964,5.4552,-3.6728,147.193
dsgdb9nsd_000088,5,29.4576,1.5349,-0.1015,1.9651,37.1088,-0.0902,-0.1,-0.262,26.7123
dsgdb9nsd_000088,6,32.6734,0.6797,-4.1856,2.5536,27.3961,-0.7395,-3.1204,-0.1542,30.664
dsgdb9nsd_000088,7,32.12,0.7872,4.4481,2.5732,26.7463,1.0772,3.2728,0.2573,30.6818
dsgdb9nsd_000088,8,28.2506,-4.1554,-6.6653,-6.4531,33.1062,4.9993,-6.1872,4.119,33.7446
dsgdb9nsd_000088,9,29.4913,3.145,3.759,4.6884,33.0876,5.3078,3.7001,1.8716,30.9874
dsgdb9nsd_000088,10,27.9269,-0.8121,2.3082,-2.0501,35.5572,-7.2784,2.5809,-3.2454,30.6577
dsgdb9nsd_000088,11,27.9197,-0.5595,-2.0961,-2.1988,35.589,7.2909,-2.4698,3.1279,30.4014
dsgdb9nsd_000088,12,29.424,2.9261,-3.9144,4.6872,32.4514,-5.4009,-3.7958,-1.8682,30.6441
dsgdb9nsd_000089,0,45.7377,34.452,-0.0017,56.0698,-74.5436,-0.0011,0.0003,-0.003,212.793
dsgdb9nsd_000089,1,75.5615,12.0184,-0.0001,-10.2035,-63.6542,-0.0009,-0.0003,-0.0016,82.7804
dsgdb9nsd_000089,2,180.923,-3.6826,-0.0013,2.934,159.182,0.0006,-0.0008,0.0005,126.838
dsgdb9nsd_000089,3,132.911,-29.7362,-0.0006,-38.0708,139.589,0.001,0.0003,0.001,119.415
dsgdb9nsd_000089,4,10.5888,131.536,0.003,61.6152,197.808,-0.0004,0.0005,-0.0031,136.333
dsgdb9nsd_000089,5,27.805,0.2784,0,-1.0031,21.1383,0,0,-0.0001,25.7174
dsgdb9nsd_000089,6,26.8202,-0.5355,-0.8601,0.2235,30.5537,3.4925,-0.6465,2.2762,28.4229
dsgdb9nsd_000089,7,26.8202,-0.5354,0.86,0.2235,30.5533,-3.4925,0.6466,-2.2762,28.423
dsgdb9nsd_000089,8,29.6592,0.4282,-2.8153,-0.33,25.8652,0.4414,-2.2363,-0.8805,27.3455
dsgdb9nsd_000089,9,29.6595,0.4283,2.8152,-0.3299,25.8653,-0.4414,2.2362,0.8805,27.3453
dsgdb9nsd_000092,0,-203.595,-50.1061,-0.0008,-83.8036,-202.197,0.0056,-0.0087,0.009,229.319
dsgdb9nsd_000092,1,82.7757,-13.8865,0.0019,3.363,-67.8263,0.0014,0.0016,0.0026,77.197
dsgdb9nsd_000092,2,179.228,-5.2161,-0.0009,2.7977,160.086,-0.0008,0.0002,-0.0002,111.687
dsgdb9nsd_000092,3,132.65,-28.0172,0.0008,-37.6519,141.534,-0.0012,-0.0003,-0.0007,127.299
dsgdb9nsd_000092,4,-106.043,169.146,-0.0162,35.913,203.064,-0.0025,-0.0168,-0.0008,78.3538
dsgdb9nsd_000092,5,26.9213,-0.2003,-0.727,0.6713,30.6728,3.4283,-0.3736,2.1683,27.8161
dsgdb9nsd_000092,6,26.9215,-0.2005,0.727,0.6713,30.6734,-3.4284,0.3735,-2.1682,27.8159
dsgdb9nsd_000092,7,29.2244,0.55,-2.546,-0.4705,25.9784,0.5914,-2.6919,-0.9694,28.1906
dsgdb9nsd_000092,8,29.2242,0.5499,2.5461,-0.4706,25.9784,-0.5914,2.6919,0.9695,28.1907
dsgdb9nsd_000094,0,-749.955,0,-0.0736,0.0001,-335.977,-0.0001,-0.1187,-0.0002,319.977
dsgdb9nsd_000094,1,-19.8407,0,0.0062,0,-83.6516,0,-0.0088,0,89.977
dsgdb9nsd_000094,2,134.486,-19.5023,-0.0088,-32.7516,119.263,0.0005,0.0011,-0.0057,47.2158
dsgdb9nsd_000094,3,325.851,0.0002,0.0007,0,388.77,0,-0.0132,0.0001,298.567
dsgdb9nsd_000094,4,134.486,19.5023,-0.0088,32.7516,119.263,-0.0005,0.0011,0.0057,47.2157
dsgdb9nsd_000094,5,26.1133,-2.3132,-0.9249,-2.5172,29.2906,2.6259,0.4894,0.2079,23.6706
dsgdb9nsd_000094,6,26.113,-2.3127,0.9249,-2.5174,29.2891,-2.6266,-0.4894,-0.209,23.6708
dsgdb9nsd_000094,7,26.113,2.3127,0.9249,2.5174,29.2891,2.6266,-0.4894,0.209,23.6708
dsgdb9nsd_000094,8,26.1133,2.3132,-0.9249,2.5172,29.2906,-2.6259,0.4894,-0.2079,23.6706
dsgdb9nsd_000096,0,182.212,-0.0665,-9.7871,1.819,154.912,-1.2746,-13.0843,-0.3457,160.748
dsgdb9nsd_000096,1,107.125,-24.0057,2.2324,-25.147,145.485,-16.7971,-1.6851,-11.4819,86.1054
dsgdb9nsd_000096,2,180.794,9.4132,8.4296,2.8876,151.759,2.525,10.0788,1.8315,147.372
dsgdb9nsd_000096,3,124.367,31.3439,6.5478,37.1435,146.204,9.0583,10.1425,8.6309,104.429
dsgdb9nsd_000096,4,328.319,-43.7637,28.8238,-23.9027,298.773,-16.1612,32.4642,13.0094,244.421
dsgdb9nsd_000096,5,29.6057,0.3647,-2.0403,0.4825,27.5582,0.2522,0.4382,0.2271,34.0165
dsgdb9nsd_000096,6,33.4069,-4.021,0.7948,-3.6167,30.5753,-0.9932,0.9225,-0.7671,28.2537
dsgdb9nsd_000096,7,32.1807,4.4595,0.4956,3.6671,30.9066,1.5349,0.556,0.8752,27.9903
dsgdb9nsd_000096,8,27.349,-1.1619,2.0732,-0.7023,24.6238,-1.7972,-0.7967,-0.3181,28.2094
dsgdb9nsd_000096,9,27.2186,1.5819,-1.929,2.085,31.8908,-3.1598,-1.3266,-0.9825,28.5167
dsgdb9nsd_000096,10,27.998,0.6223,-0.0456,-0.0191,31.2686,3.4425,-0.6892,0.9272,29.0596
dsgdb9nsd_000096,11,31.0817,0.3175,-2.3361,0.959,25.6365,-0.6104,0.5753,0.5804,24.6065
dsgdb9nsd_000096,12,29.9303,0.0969,4.5707,0.2969,25.0976,0.7653,2.0488,-0.4246,27.0501
dsgdb9nsd_000097,0,185.25,0,6.8062,0,159.262,0,9.113,0.0001,169.172
dsgdb9nsd_000097,1,157.149,0,2.5126,0.0001,174.032,0.0001,2.8589,0.0002,140.312
dsgdb9nsd_000097,2,144.488,24.2992,-15.1542,25.0963,107.281,-2.8639,-15.2171,-7.1112,92.2344
dsgdb9nsd_000097,3,324.969,-0.0001,-13.0912,0,370.796,0.0001,-48.3681,0.0002,287.419
dsgdb9nsd_000097,4,144.488,-24.2993,-15.1544,-25.0962,107.281,2.8639,-15.2171,7.1112,92.2343
dsgdb9nsd_000097,5,29.3878,0,2.22,0,27.0826,0.0001,-0.2193,0.0001,34.8735
dsgdb9nsd_000097,6,33.1788,4.691,-0.1521,4.0751,30.7215,-1.3745,-0.5847,-0.9253,28.0679
dsgdb9nsd_000097,7,33.1787,-4.691,-0.152,-4.0751,30.7217,1.3744,-0.5846,0.9252,28.0679
dsgdb9nsd_000097,8,29.1473,0,-0.5839,0,24.7617,0,1.5313,0,31.8557
dsgdb9nsd_000097,9,25.8715,0.3213,-0.6398,-0.6464,30.1755,-2.8728,0.6158,-0.5955,25.0988
dsgdb9nsd_000097,10,27.2773,0.5763,0.1515,1.4872,30.0381,2.8039,-0.8773,-0.0797,24.6715
dsgdb9nsd_000097,11,27.2773,-0.5763,0.1515,-1.4872,30.0381,-2.8039,-0.8773,0.0797,24.6715
dsgdb9nsd_000097,12,25.8715,-0.3213,-0.6398,0.6463,30.1755,2.8728,0.6158,0.5955,25.0988
dsgdb9nsd_000098,0,268.426,-0.0012,20.1526,-0.0015,224.885,-0.0022,-17.7926,-0.0013,261.384
dsgdb9nsd_000098,1,147.475,0.0002,-26.2518,0.0002,115.788,0.0005,-27.3222,0.0003,101.65
dsgdb9nsd_000098,2,172.786,-11.696,1.0817,-6.3533,151.478,-4.7966,1.9041,-1.2399,135.886
dsgdb9nsd_000098,3,165.316,0.0001,-1.0038,0,184.697,0,10.6005,0,176.945
dsgdb9nsd_000098,4,172.786,11.6959,1.0819,6.3532,151.478,4.7965,1.9041,1.2398,135.886
dsgdb9nsd_000098,5,31.9985,0,-3.0468,0.0001,25.034,-0.0004,-2.4361,-0.0004,39.29
dsgdb9nsd_000098,6,28.5782,0,-1.2645,0,24.1356,0,0.6021,0,29.9367
dsgdb9nsd_000098,7,26.75,-1.1093,-0.5065,-0.2348,34.2905,2.9344,-0.2542,1.776,27.0362
dsgdb9nsd_000098,8,28.9912,0.5646,-0.2714,1.0657,30.9922,-3.1404,-0.6343,-2.1504,30.4389
dsgdb9nsd_000098,9,31.8872,0,-4.3717,0,27.4514,0,-3.775,0,31.804
dsgdb9nsd_000098,10,34.0392,0,4.3965,0,26.5905,0,3.8459,0,30.1438
dsgdb9nsd_000098,11,28.9912,-0.5646,-0.2714,-1.0657,30.9921,3.1405,-0.6343,2.1504,30.4389
dsgdb9nsd_000098,12,26.75,1.1093,-0.5065,0.2349,34.2905,-2.9344,-0.2542,-1.776,27.0362
dsgdb9nsd_000099,0,301.911,25.41,15.0128,35.3579,287.252,-3.3853,-10.1147,8.5997,261.8
dsgdb9nsd_000099,1,135.813,-3.613,-33.9123,-1.0678,119.111,-5.1721,-19.7138,-4.3808,108.957
dsgdb9nsd_000099,2,142.445,19.3715,12.6907,23.7206,105.13,-1.2145,9.313,1.23,86.4952
dsgdb9nsd_000099,3,320.745,-0.5672,-1.3686,0.089,391.218,-3.605,60.2456,-2.4287,300.432
dsgdb9nsd_000099,4,146.826,-23.292,14.1762,-25.8678,107.388,-1.6816,9.8861,-3.7842,87.0199
dsgdb9nsd_000099,5,37.5775,8.2088,1.8077,7.5466,29.7598,5.0619,2.0299,3.4066,26.6745
dsgdb9nsd_000099,6,28.1012,-0.0367,-2.1806,-0.6685,22.2755,-0.1705,-1.4558,0.0824,29.5811
dsgdb9nsd_000099,7,25.9978,0.5644,0.7287,0.3007,30.4475,2.3855,-0.4172,0.4435,25.0142
dsgdb9nsd_000099,8,26.8478,1.1303,-0.0769,2.2126,29.633,-2.6456,0.5756,-0.1495,24.8953
dsgdb9nsd_000099,9,26.9634,-1.0467,-0.3465,-1.9346,29.4119,2.5307,0.8276,0.0387,24.8034
dsgdb9nsd_000099,10,25.7493,-0.6993,0.9794,-0.1852,30.3695,-2.7335,-0.4163,-0.8227,25.1343
dsgdb9nsd_000100,0,173.399,13.1231,-2.2833,13.2031,181.747,-4.8936,-1.8,-4.7634,172.024
dsgdb9nsd_000100,1,157.546,-7.2216,-3.6753,-1.6682,187.905,-22.6439,-12.9378,-24.3323,180.928
dsgdb9nsd_000100,2,169.453,0.0067,-0.0019,0.0014,178.97,-27.0327,0.0002,-27.6041,181.247
dsgdb9nsd_000100,3,157.548,7.2191,3.6798,1.6685,187.901,-22.6405,12.9391,-24.3365,180.932
dsgdb9nsd_000100,4,173.401,-13.1236,2.2838,-13.2022,181.747,-4.8918,1.8021,-4.7627,172.026
dsgdb9nsd_000100,5,30.4263,1.0378,0.0713,1.15,31.0246,-4.8971,0.3925,-5.0385,32.2754
dsgdb9nsd_000100,6,36.2538,-0.2252,-2.6023,1.2031,27.9175,-0.1673,-3.6197,0.0653,26.8795
dsgdb9nsd_000100,7,28.805,3.5977,1.3337,3.705,33.6799,4.6718,0.5524,3.1,28.7491
dsgdb9nsd_000100,8,30.0108,0.8804,3.3897,-2.6095,29.0865,-7.4201,6.6028,-4.453,33.9448
dsgdb9nsd_000100,9,25.6673,0.0006,0,-0.0003,40.3638,1.0441,0.0002,-3.8449,27.442
dsgdb9nsd_000100,10,26.8597,-0.0002,-0.0005,-0.0002,30.1309,-2.0986,0.0002,1.8723,38.9983
dsgdb9nsd_000100,11,30.0105,-0.8803,-3.3896,2.6096,29.0875,-7.4195,-6.6036,-4.4533,33.9442
dsgdb9nsd_000100,12,30.427,-1.0372,-0.0718,-1.1492,31.0258,-4.8972,-0.3932,-5.0393,32.2733
dsgdb9nsd_000100,13,28.8056,-3.5984,-1.335,-3.706,33.6783,4.6718,-0.5535,3.1001,28.7502
dsgdb9nsd_000100,14,36.2529,0.2253,2.6041,-1.2029,27.9178,-0.167,3.6218,0.0661,26.8805
dsgdb9nsd_000102,0,174.872,11.0635,-4.1667,10.2973,182.923,-5.9941,-1.3819,-4.6648,175.512
dsgdb9nsd_000102,1,148.343,-9.81,-10.1799,-14.2189,159.973,-32.0842,-20.5318,-32.0838,162.317
dsgdb9nsd_000102,2,144.145,-15.5901,-19.8444,-7.5772,161.397,-25.7087,-13.7142,-33.5588,162.677
dsgdb9nsd_000102,3,193.139,53.3429,22.2783,21.527,264.229,-14.617,57.0479,-33.1119,250.839
dsgdb9nsd_000102,4,144.801,-28.5721,3.6094,-27.6558,166.526,-14.0335,4.4991,-14.5766,144.005
dsgdb9nsd_000102,5,30.0454,1.3423,-0.3053,1.5909,29.4188,-4.8165,0.4682,-4.7571,33.194
dsgdb9nsd_000102,6,36.3195,-0.7984,-1.8487,0.2502,28.0708,0.3523,-2.8216,0.1902,27.0029
dsgdb9nsd_000102,7,28.9201,3.2951,1.121,3.1946,33.6684,4.387,0.3231,2.8575,28.5805
dsgdb9nsd_000102,8,29.3982,0.0222,2.5851,-2.0511,27.6614,-8.3857,5.7002,-4.9149,32.7474
dsgdb9nsd_000102,9,24.6824,0.3551,0.3652,1.3031,38.5199,0.4166,-1.481,-4.115,27.0565
dsgdb9nsd_000102,10,26.4037,1.8091,-0.8679,-0.1801,29.8942,-1.3959,0.419,2.1598,36.8577
dsgdb9nsd_000102,11,29.1791,-1.8112,1.5718,-1.6536,30.0522,-5.5291,0.5077,-4.7448,30.8063
dsgdb9nsd_000102,12,27.5215,-3.6708,-1.2453,-3.4043,33.2597,3.9396,0.0818,1.5249,26.6921
dsgdb9nsd_000102,13,34.4694,-0.9641,1.3698,-3.255,27.0353,-0.8616,2.9118,-0.8041,25.686
dsgdb9nsd_000103,0,172.129,-14.0219,0.3636,-11.8035,183.158,-5.6194,-0.1984,-5.8203,172.325
dsgdb9nsd_000103,1,94.2146,-1.5415,-0.0445,-14.3093,164.72,-8.2194,0.216,-10.7313,154.702
dsgdb9nsd_000103,2,351.922,-0.0012,-0.0051,0.007,306.411,-114.698,0.0007,-109.577,217.054
dsgdb9nsd_000103,3,94.2149,1.5428,0.0425,14.31,164.723,-8.2201,-0.2143,-10.7338,154.704
dsgdb9nsd_000103,4,172.131,14.021,-0.3624,11.8034,183.16,-5.6164,0.1952,-5.8195,172.325
dsgdb9nsd_000103,5,30.9991,-0.0093,-0.4445,0.2656,32.1332,-4.9529,-0.7359,-4.9852,29.7905
dsgdb9nsd_000103,6,34.6911,1.0291,3.2384,-0.3704,27.9815,0.1425,4.1958,0.7264,28.0214
dsgdb9nsd_000103,7,30.0359,-3.1224,-2.6652,-3.8695,31.3059,4.1731,-2.0229,3.1319,30.3812
dsgdb9nsd_000103,8,27.2678,-1.7599,-3.0096,2.8675,29.4981,-5.8486,-5.1578,-5.4327,30.1387
dsgdb9nsd_000103,9,27.2675,1.7601,3.0097,-2.8674,29.4984,-5.8486,5.1581,-5.4327,30.1392
dsgdb9nsd_000103,10,31.0001,0.0085,0.4448,-0.2666,32.1355,-4.9521,0.7363,-4.985,29.7869
dsgdb9nsd_000103,11,30.0375,3.1228,2.6671,3.8703,31.3039,4.172,2.0247,3.1308,30.3821
dsgdb9nsd_000103,12,34.6889,-1.0285,-3.2405,0.371,27.9814,0.1431,-4.1979,0.7274,28.0239
dsgdb9nsd_000104,0,294.144,-16.5105,-20.671,-8.8263,301.029,-13.1464,-27.3559,-17.057,317.7
dsgdb9nsd_000104,1,113.862,-12.3606,-14.2916,-28.0425,168.254,28.9753,-20.0142,39.2509,142.318
dsgdb9nsd_000104,2,158.558,-1.011,-2.5652,-2.6863,177.444,29.8139,-2.2424,21.9265,179.594
dsgdb9nsd_000104,3,105.01,5.5047,12.2802,22.8022,166.905,24.8545,18.0763,35.0133,145.578
dsgdb9nsd_000104,4,308.794,-21.8252,-14.2654,-16.8239,350.156,13.5988,-24.4711,8.7779,314.872
dsgdb9nsd_000104,5,34.2029,0.3601,-9.6481,-0.861,27.9642,-0.8262,-12.2257,-0.3598,31.8621
dsgdb9nsd_000104,6,26.4045,-2.3201,1.361,1.4664,27.4612,6.3153,5.8716,3.6176,31.1802
dsgdb9nsd_000104,7,26.2808,-0.2453,0.0609,-0.1699,40.1124,-0.7103,0.0379,3.2935,27.3312
dsgdb9nsd_000104,8,26.9494,-0.1335,-0.2292,-0.2201,30.2989,1.4355,0.0734,-1.4595,37.803
dsgdb9nsd_000104,9,26.6702,1.9834,-1.9972,-1.992,27.7178,5.3898,-6.7132,3.482,31.0091
dsgdb9nsd_000104,10,34.9151,-5.0545,-1.4331,-5.8687,34.1678,4.8475,-1.2938,6.4474,21.1545
dsgdb9nsd_000105,0,142.451,6.8859,0.0001,6.8757,144.794,0,0.0001,-0.0001,130.903
dsgdb9nsd_000105,1,144.806,0.0002,0.014,-0.0006,144.804,0.023,0.0062,0.01,173.708
dsgdb9nsd_000105,2,150.135,-2.4342,0.0001,-2.4324,137.049,0,0.0001,-0.0001,130.827
dsgdb9nsd_000105,3,144.806,0.0005,-0.014,-0.0003,144.804,-0.0231,-0.0062,-0.01,173.708
dsgdb9nsd_000105,4,138.265,-4.4539,0.0001,-4.4465,149.031,0,0.0001,0,130.947
dsgdb9nsd_000105,5,35.4406,-1.1736,0,-0.5639,28.0729,0,0,0,26.0243
dsgdb9nsd_000105,6,28.5588,-1.7309,0,-2.3426,34.9461,0,0,0,26.0256
dsgdb9nsd_000105,7,25.0051,0,0.0008,0.0001,25.004,0.0015,-0.0009,-0.0016,37.2932
dsgdb9nsd_000105,8,29.1574,-3.0629,0,-2.4497,34.3496,0,0,0,26.0256
dsgdb9nsd_000105,9,31.5881,4.0881,0,3.4755,31.9188,0,0,0,26.0243
dsgdb9nsd_000105,10,25.0051,0,-0.0009,0.0001,25.004,-0.0015,0.0008,0.0016,37.2932
dsgdb9nsd_000105,11,30.6666,3.3225,0,3.933,32.8442,0,0,0,26.0264
dsgdb9nsd_000105,12,35.115,-1.4436,0,-2.0529,28.3986,0,0,0,26.0249
dsgdb9nsd_000106,0,122.997,8.1702,0,2.7789,137.916,0.0001,0,0.0001,132.151
dsgdb9nsd_000106,1,86.8776,0.0006,-0.0003,0.0005,142.436,-15.2242,-0.0002,-18.1221,119.735
dsgdb9nsd_000106,2,122.996,-8.1698,0,-2.7788,137.916,0.0001,0,0.0001,132.15
dsgdb9nsd_000106,3,86.8776,0.0005,0.0003,0.0005,142.436,15.2242,0.0002,18.1222,119.735
dsgdb9nsd_000106,4,228.756,-0.0008,-0.0001,-0.0014,58.0636,0.0011,0,0.0008,260.641
dsgdb9nsd_000106,5,28.9782,2.9129,0,3.366,32.9799,0,0,0,25.0207
dsgdb9nsd_000106,6,32.6826,-0.2488,0,-0.8552,26.827,0,0,0,26.44
dsgdb9nsd_000106,7,24.0783,0,0,0,24.6851,0.2696,0,0.3963,32.9149
dsgdb9nsd_000106,8,32.6826,0.2487,0,0.8551,26.827,0,0,0,26.44
dsgdb9nsd_000106,9,28.9782,-2.9128,0,-3.3659,32.98,0,0,0,25.0207
dsgdb9nsd_000106,10,24.0783,0,0,0,24.6851,-0.2695,0,-0.3963,32.9149
dsgdb9nsd_000107,0,201.201,92.4809,-0.0015,84.9261,115.546,-0.0009,0.0021,0.0014,61.7934
dsgdb9nsd_000107,1,218.248,116.321,-0.0006,117.338,110.252,-0.0005,-0.0044,-0.0028,33.0395
dsgdb9nsd_000107,2,193.013,0.0003,0,-0.0014,178.838,0.0003,0.0001,0.0003,164.434
dsgdb9nsd_000107,3,218.257,-116.313,0.0001,-117.336,110.244,-0.0002,0.0056,-0.0036,33.0395
dsgdb9nsd_000107,4,201.212,-92.4765,0.0013,-84.9225,115.536,-0.0007,-0.0033,0.0021,61.7946
dsgdb9nsd_000107,5,36.0502,6.7808,-0.0002,6.1325,29.2654,-0.0001,0.0002,0.0001,25.4125
dsgdb9nsd_000107,6,28.162,0,-0.0001,0.0001,29.5839,-6.2037,0,-4.7102,27.8407
dsgdb9nsd_000107,7,28.1619,0,0.0001,0.0001,29.5835,6.2037,0,4.7101,27.8409
dsgdb9nsd_000107,8,36.0501,-6.7814,0.0004,-6.1321,29.2655,-0.0002,-0.0002,0.0002,25.4126
dsgdb9nsd_000111,0,-761.32,4.6495,350.619,27.5084,-290.956,296.906,349.804,299.329,103.132
dsgdb9nsd_000111,1,8.736,29.1432,17.1602,22.0765,-47.0142,61.5859,13.9864,55.9677,62.7637
dsgdb9nsd_000111,2,166.123,-16.7392,11.2803,-13.523,165.083,-8.1083,2.608,-4.2587,144.535
dsgdb9nsd_000111,3,224.754,119.746,20.756,121.876,42.445,10.3829,23.2113,9.3274,-12.6839
dsgdb9nsd_000111,4,210.464,185.817,39.5754,171.981,-75.7017,12.2447,38.3526,13.1782,-166.385
dsgdb9nsd_000111,5,21.7748,-0.4228,-0.0439,-3.1501,22.3468,0.118,1.5964,-1.4075,20.9257
dsgdb9nsd_000111,6,28.5792,2.714,1.2069,0.9997,28.4778,3.6501,-0.3337,2.8123,29.1605
dsgdb9nsd_000111,7,29.2214,0.7032,-0.1035,2.782,28.6289,-3.6311,-0.7848,-2.4197,28.4771
dsgdb9nsd_000112,0,-243.125,-136.715,0.1453,-78.8541,-4.5379,-0.0669,0.1205,-0.1094,237.721
dsgdb9nsd_000112,1,-54.4225,59.7772,0.0911,10.864,79.2349,-0.0186,0.0597,-0.0238,116.63
dsgdb9nsd_000112,2,198.043,-8.1634,-0.018,-30.3626,-25.9654,0.0174,-0.0099,0.0025,144.223
dsgdb9nsd_000112,3,-49.7279,-36.1474,0.0201,-17.9985,85.0674,0.0041,0.0169,0.0023,97.3234
dsgdb9nsd_000112,4,-290.06,146.937,-0.0067,64.716,-422.974,0.1772,0.0725,0.0707,338.146
dsgdb9nsd_000112,5,15.9506,2.0962,0.006,-3.1889,26.6649,0.0017,0.0011,-0.0006,26.099
dsgdb9nsd_000112,6,23.3378,2.8569,-0.0004,-3.4208,28.1155,0.004,-0.0027,0.0036,20.1208
dsgdb9nsd_000112,7,27.3196,0.3214,-0.0003,-0.3682,26.9045,0.0001,0.0019,-0.0009,24.1996
dsgdb9nsd_000112,8,25.4618,-1.8874,-0.0002,5.1613,24.8885,-0.0011,-0.0013,-0.0015,19.3921
dsgdb9nsd_000113,0,-206.34,105.938,0.0694,158.923,-17.0184,-0.0012,0.0887,0.0147,236.314
dsgdb9nsd_000113,1,51.593,93.5482,-0.0035,41.8962,-31.9313,0.0092,0.0028,-0.0072,97.2407
dsgdb9nsd_000113,2,-67.093,58.033,0.0047,41.9481,4.2488,-0.0162,-0.0023,0.0285,199.526
dsgdb9nsd_000113,3,63.7699,-73.2036,-0.0166,-54.9068,-20.8507,-0.0264,-0.0073,-0.0286,74.4781
dsgdb9nsd_000113,4,-425.68,25.0151,-0.105,-49.2849,-201.599,-0.0955,-0.0788,-0.0944,308.047
dsgdb9nsd_000113,5,21.3494,7.693,-0.0002,2.5234,21.4528,0.0002,0.0009,-0.0012,25.7716
dsgdb9nsd_000113,6,25.1322,5.832,-0.001,-0.0217,23.3778,-0.0005,-0.0004,-0.0019,21.2317
dsgdb9nsd_000113,7,23.7741,-3.8549,-0.0005,2.1712,25.3814,0.0009,0.0012,0.0004,20.5466
dsgdb9nsd_000114,0,-314.64,-143.73,-0.034,-61.5789,-429.075,0.0905,-0.0374,0.1269,343.999
dsgdb9nsd_000114,1,-51.652,38.0286,-0.0147,18.0495,84.8664,0.0012,-0.0115,0.0006,97.2302
dsgdb9nsd_000114,2,198.138,0.0004,0.0101,0.0002,-70.1307,-0.0065,0.0054,0.0043,134.157
dsgdb9nsd_000114,3,-51.6521,-38.0289,-0.0242,-18.0497,84.8662,-0.0066,-0.0199,-0.005,97.2302
dsgdb9nsd_000114,4,-314.642,143.731,-0.0661,61.5809,-429.075,-0.0943,-0.0742,-0.105,343.999
dsgdb9nsd_000114,5,25.2118,1.9456,0.0005,-5.2823,25.1883,-0.0005,0.001,-0.0005,19.4653
dsgdb9nsd_000114,6,26.6692,0,0,0,24.2438,-0.0002,-0.0007,0.0005,25.1298
dsgdb9nsd_000114,7,25.2117,-1.9456,0.0003,5.2823,25.1883,0.0013,0.0015,0.0008,19.4653
dsgdb9nsd_000115,0,194.234,5.3976,10.9572,5.3974,178.327,3.3679,10.9565,3.3679,183.504
dsgdb9nsd_000115,1,212.252,53.5893,108.732,53.6428,54.4303,33.4606,108.674,33.4092,105.728
dsgdb9nsd_000115,2,200.768,43.8385,88.9068,43.8068,71.6832,27.3216,88.9442,27.3529,113.684
dsgdb9nsd_000115,3,209.6,50.2972,101.921,50.3148,61.617,31.3712,101.922,31.3606,109.684
dsgdb9nsd_000115,4,203.089,43.8246,88.7937,43.7833,74.153,27.2996,88.8129,27.3313,116.055
dsgdb9nsd_000115,5,34.7218,2.9955,-3.3512,2.9847,26.0785,-1.0624,-1.345,-0.439,28.8636
dsgdb9nsd_000115,6,28.0699,1.2921,2.1501,-0.265,31.4332,5.1036,0.8616,5.6785,30.1605
dsgdb9nsd_000115,7,29.6569,-2.5939,4.639,-1.0246,29.9474,-2.9838,3.9199,-4.1835,30.0575
dsgdb9nsd_000115,8,35.8921,3.2292,6.542,3.2257,26.3924,2.0112,6.5437,2.0139,29.4795
dsgdb9nsd_000117,0,198.819,-1.3491,-0.0032,-1.8755,178.205,0.0004,-0.0161,0.0018,179.045
dsgdb9nsd_000117,1,214.382,-6.7082,-0.004,-23.2132,38.4987,0.0006,0.0089,-0.0011,50.8562
dsgdb9nsd_000117,2,264.493,-35.1361,-0.0033,-30.1039,42.5246,0.0009,-0.0068,0.0011,36.4492
dsgdb9nsd_000117,3,-23.6486,48.9016,0.002,39.5976,-13.8311,-0.0023,0.0016,-0.0024,109.795
dsgdb9nsd_000117,4,-710.914,-228.265,0.0077,-292.021,-688.838,-0.0132,0.006,-0.0191,402.491
dsgdb9nsd_000117,5,31.9071,5.0094,-0.0324,3.1584,32.2308,-0.0394,-0.0238,-0.0408,25.2014
dsgdb9nsd_000117,6,30.1151,-2.5697,3.5105,-1.8605,27.9867,-3.8693,2.3191,-3.7136,30.9459
dsgdb9nsd_000117,7,30.1082,-2.6047,-3.4794,-1.8797,28.0728,3.9088,-2.2966,3.7545,30.8659
dsgdb9nsd_000117,8,24.2442,-0.2463,0,-3.4278,22.4849,0,-0.0001,0.0001,19.6625
dsgdb9nsd_000118,0,199.394,-3.6811,0,-3.0251,178.853,0.0001,0,0.0001,178.579
dsgdb9nsd_000118,1,250.456,-36.8995,-0.0002,-26.6282,52.7173,0,0.0001,-0.0001,38.8675
dsgdb9nsd_000118,2,268.416,-39.658,-0.0001,-40.561,47.8091,0.0001,-0.0001,0.0001,38.1011
dsgdb9nsd_000118,3,137,28.494,0,25.4916,159.209,-0.0001,0,-0.0001,114.403
dsgdb9nsd_000118,4,382.549,1.3619,0.0001,-22.6637,275.527,0,0.0001,0,270.028
dsgdb9nsd_000118,5,32.2257,1.6096,-4.8299,0.8528,26.5278,-2.5241,-3.2397,-2.7834,31.1526
dsgdb9nsd_000118,6,30.2217,-4.3966,0,-2.512,34.0968,0,0,0,25.3031
dsgdb9nsd_000118,7,32.2257,1.6096,4.8299,0.8528,26.5279,2.5241,3.2397,2.7834,31.1524
dsgdb9nsd_000118,8,27.2649,0.448,1.0935,0.2482,28.5386,-5.0731,1.5143,-3.3043,25.6393
dsgdb9nsd_000118,9,27.2649,0.448,-1.0936,0.2482,28.5387,5.0731,-1.5143,3.3043,25.6393
dsgdb9nsd_000118,10,45.0578,-1.4294,0,0.178,29.1564,0,0,0,23.0264
dsgdb9nsd_000119,0,181.326,8.1842,-0.0001,12.0471,179.403,0.0005,-0.0005,0.0005,162.23
dsgdb9nsd_000119,1,185.464,0.758,0,0.7379,175.275,-0.0001,0.0001,0,163.105
dsgdb9nsd_000119,2,264.226,-47.067,0.0001,-51.6503,49.9059,0.0002,-0.0006,0.0006,31.8792
dsgdb9nsd_000119,3,259.35,-48.1333,-0.0001,-37.2716,54.7984,-0.0001,0.0012,-0.0004,47.0809
dsgdb9nsd_000119,4,199.323,-4.5515,0,-4.0644,179.196,0.0001,-0.0005,0,178.349
dsgdb9nsd_000119,5,28.7791,1.8911,0.382,0.6121,31.4737,4.3752,-0.1532,3.6382,31.6326
dsgdb9nsd_000119,6,37.3473,0.1953,0,1.0462,28.2345,0,0,0,26.7751
dsgdb9nsd_000119,7,28.7791,1.8911,-0.382,0.6121,31.4737,-4.3752,0.1532,-3.6382,31.6326
dsgdb9nsd_000119,8,29.6531,-1.3818,-2.3721,-0.986,30.0251,5.2285,-1.2952,4.667,28.8645
dsgdb9nsd_000119,9,29.6531,-1.3817,2.3721,-0.986,30.0251,-5.2285,1.2953,-4.667,28.8645
dsgdb9nsd_000119,10,32.5858,1.4519,5.0053,0.5815,26.504,2.3549,3.3726,2.6789,30.9481
dsgdb9nsd_000119,11,32.5769,1.4236,-5.0141,0.5617,26.4784,-2.3328,-3.3765,-2.6578,30.9826
dsgdb9nsd_000119,12,30.3919,-4.4612,0.0088,-2.4574,34.3822,-0.0221,0.0038,-0.0212,25.2309
dsgdb9nsd_000120,0,166.674,-31.9114,-0.0013,-34.6703,132.155,0.0013,-0.0061,0.0004,109.938
dsgdb9nsd_000120,1,169.671,116.629,-0.0035,95.8232,211.058,-0.0008,-0.0159,0.0079,270.758
dsgdb9nsd_000120,2,81.1138,-75.9402,0.0056,-32.6599,-26.7033,0.0013,0.0035,0.002,63.6708
dsgdb9nsd_000120,3,-217.027,-107.395,-0.0021,-97.0581,1.3528,0.0118,0.0036,0.0154,247.558
dsgdb9nsd_000120,4,170.591,21.06,-0.0004,25.1238,148.241,-0.0004,0,-0.0006,126.749
dsgdb9nsd_000120,5,32.8999,1.7151,0.0013,-0.6361,26.5899,0.0003,0.0007,0.0007,24.7369
dsgdb9nsd_000120,6,28.4933,-3.6988,-2.5143,-2.2724,28.0869,3.1344,-1.3781,2.139,28.0035
dsgdb9nsd_000120,7,28.4927,-3.6994,2.5124,-2.2717,28.0894,-3.1342,1.3767,-2.1393,28.0015
dsgdb9nsd_000120,8,25.8826,-3.4165,-0.0001,1.0613,23.4627,0.0001,0,-0.0002,23.2272
dsgdb9nsd_000120,9,30.6023,-0.408,-3.0736,0.8839,26.215,0.2616,-3.5175,1.2274,28.5992
dsgdb9nsd_000120,10,28.4588,3.1251,-0.0001,0.6801,31.872,-0.0003,-0.0001,-0.0003,26.6531
dsgdb9nsd_000120,11,30.6022,-0.4076,3.0737,0.8843,26.2149,-0.2613,3.5175,-1.2271,28.5996
dsgdb9nsd_000121,0,190.583,-0.0683,0.0009,7.0637,169.598,-0.0048,0.0038,-0.0026,164.788
dsgdb9nsd_000121,1,176.574,-2.2177,-0.0003,-5.8319,165.406,0.0047,-0.0021,0.0056,149.562
dsgdb9nsd_000121,2,185.319,-1.2196,-0.0132,-8.3453,167.745,0.004,-0.0168,0.0106,150.628
dsgdb9nsd_000121,3,263.964,82.2789,-0.0453,86.1522,58.0649,-0.0159,-0.2117,-0.0766,21.432
dsgdb9nsd_000121,4,236.193,62.9844,-0.0782,51.5712,81.2092,-0.0193,0.0721,0.0259,63.8108
dsgdb9nsd_000121,5,31.3971,2.3355,3.0881,1.7382,29.4785,3.5052,2.2895,3.0624,31.8101
dsgdb9nsd_000121,6,34.895,-4.7449,-0.002,-3.2528,30.392,0.0018,-0.0013,0.0017,26.5545
dsgdb9nsd_000121,7,31.3977,2.3375,-3.0857,1.7396,29.4846,-3.5078,-2.288,-3.0647,31.8044
dsgdb9nsd_000121,8,30.1828,-0.0737,0.7875,0.6311,30.4642,4.4981,0.6384,4.1363,29.6485
dsgdb9nsd_000121,9,30.1824,-0.0719,-0.7875,0.6325,30.4679,-4.4974,-0.638,-4.1345,29.6443
dsgdb9nsd_000121,10,30.1266,0.6218,1.0333,0.5587,29.6638,4.9578,-0.2224,4.337,29.1226
dsgdb9nsd_000121,11,30.1298,0.6262,-1.0349,0.5605,29.6699,-4.9568,0.2216,-4.3382,29.1201
dsgdb9nsd_000121,12,38.914,4.4978,-0.0111,3.7441,26.7072,-0.0031,0.0058,0.0021,25.4042
dsgdb9nsd_000124,0,184.142,-14.4677,-0.0816,-19.2359,107.069,0.0288,-0.0729,0.0399,107.411
dsgdb9nsd_000124,1,327.372,-2.8897,0.0195,13.1201,332.21,0.0469,0.06,0.0766,286.646
dsgdb9nsd_000124,2,144.872,33.6289,0.0187,35.7708,143.025,0.0279,0.027,0.0267,101.936
dsgdb9nsd_000124,3,269.635,-76.9009,0.0705,-77.1309,55.1183,-0.0242,0.0718,-0.0237,29.7358
dsgdb9nsd_000124,4,229.532,-54.2606,0.0539,-43.8498,77.9406,-0.0085,0.0577,-0.0135,56.497
dsgdb9nsd_000124,5,30.971,-3.6762,-4.0135,-1.8242,26.5217,1.7843,-1.8589,1.1159,28.5289
dsgdb9nsd_000124,6,30.9814,-3.6896,4.0006,-1.8321,26.5327,-1.7869,1.8513,-1.1171,28.5085
dsgdb9nsd_000124,7,33.088,4.0384,0.0009,1.409,26.8312,0.0024,-0.002,0.0039,24.6749
dsgdb9nsd_000124,8,27.8469,1.3256,-0.3919,-0.0629,28.5721,-4.3367,-0.332,-2.7879,26.9122
dsgdb9nsd_000124,9,27.8538,1.3226,0.3987,-0.067,28.5697,4.3358,0.3336,2.7863,26.9141
dsgdb9nsd_000124,10,37.9252,-3.9123,0.0037,-3.1319,26.3696,-0.0009,0.0041,-0.0014,25.4272
dsgdb9nsd_000125,0,183.953,15.2234,0.1254,19.9658,107.051,0.0538,0.1098,0.0661,106.635
dsgdb9nsd_000125,1,332.459,6.8939,-0.0073,-5.1666,339.061,0.0812,-0.0435,0.1373,293.907
dsgdb9nsd_000125,2,148.305,-34.1724,-0.0254,-37.3208,143.381,0.0442,-0.0246,0.043,107.604
dsgdb9nsd_000125,3,259.269,95.9086,-0.1433,92.6411,11.4986,-0.0474,-0.1472,-0.0499,-21.6375
dsgdb9nsd_000125,4,247.76,137.695,-0.2247,120.532,-105.671,-0.0439,-0.2244,-0.0541,-166.628
dsgdb9nsd_000125,5,30.9064,3.6712,4.0215,1.871,26.5835,1.8579,1.7775,1.1308,28.4973
dsgdb9nsd_000125,6,32.9156,-4.0353,0.0025,-1.3378,26.7633,0.002,0.0048,0.0026,24.6376
dsgdb9nsd_000125,7,30.921,3.6864,-4.0055,1.8814,26.5936,-1.8598,-1.7687,-1.1299,28.4703
dsgdb9nsd_000125,8,27.5869,-1.6495,-0.7178,-0.4221,28.7647,4.211,-0.8121,2.4989,27.3062
dsgdb9nsd_000125,9,27.5788,-1.6537,0.7097,-0.4288,28.7674,-4.2128,0.8103,-2.5015,27.3022
dsgdb9nsd_000126,0,334.693,42.3463,0.002,63.8432,307.488,0.0014,0.0006,0.0009,267.103
dsgdb9nsd_000126,1,164.33,-20.0743,0.0002,-13.1204,114.733,0,-0.0003,0.0003,102.099
dsgdb9nsd_000126,2,186.027,-1.4759,0.0019,5.4,169.665,0.0001,0.0031,0.0011,148.676
dsgdb9nsd_000126,3,261.859,-83.1788,0.0029,-87.5349,61.1422,-0.0004,0.0395,-0.0139,29.4556
dsgdb9nsd_000126,4,236.339,-64.3997,0.0108,-57.8927,82.654,-0.0034,-0.0198,0.0069,59.3062
dsgdb9nsd_000126,5,39.571,8.6352,0.0007,6.436,33.8119,0.0006,0.0007,0.0005,22.5395
dsgdb9nsd_000126,6,29.3232,-1.1797,1.685,-1.1677,27.6418,-3.5233,-0.5504,-3.2751,26.4032
dsgdb9nsd_000126,7,29.3235,-1.1796,-1.685,-1.1679,27.6416,3.5232,0.5504,3.2754,26.4033
dsgdb9nsd_000126,8,29.3797,-1.0475,1.4106,-0.907,29.0252,-4.6932,0.1646,-3.873,29.4736
dsgdb9nsd_000126,9,29.379,-1.0466,-1.4104,-0.9066,29.0241,4.6932,-0.1644,3.8726,29.4741
dsgdb9nsd_000126,10,38.812,-4.5941,0.0024,-4.2043,26.8792,-0.0008,-0.0015,0.0005,25.4151
dsgdb9nsd_000127,0,337.203,-41.5026,0.0285,-64.1385,307.48,-0.0378,0.0146,-0.0486,270.325
dsgdb9nsd_000127,1,164.035,21.3901,-0.0087,16.94,118.324,0.0079,-0.0104,0.0099,106.234
dsgdb9nsd_000127,2,187.947,0.988,-0.0008,-5.7516,171.867,0.0041,0.0033,0.004,150.737
dsgdb9nsd_000127,3,250.141,102.835,0.0054,107.145,18.7304,0.002,0.0036,0.0016,-22.6741
dsgdb9nsd_000127,4,251.036,156.844,0.0072,143.846,-96.9123,0.0032,0.0115,0.0057,-159.029
dsgdb9nsd_000127,5,39.8027,-8.5571,0.0129,-6.4516,33.2349,-0.0124,0.0119,-0.0107,22.4268
dsgdb9nsd_000127,6,28.83,1.2158,1.7485,1.3192,27.8454,3.6898,-0.2757,3.385,26.4417
dsgdb9nsd_000127,7,28.8305,1.2153,-1.7489,1.3192,27.8458,-3.6886,0.2754,-3.3848,26.4415
dsgdb9nsd_000127,8,29.0124,0.7128,1.1559,0.4216,29.2284,4.6983,-0.2606,3.6319,29.8171
dsgdb9nsd_000127,9,29.0129,0.7132,-1.1557,0.4212,29.2298,-4.6982,0.2608,-3.6318,29.8151
dsgdb9nsd_000129,0,180.771,-12.1809,-7.2277,-7.5015,162.436,-1.8678,-11.927,1.4974,175.355
dsgdb9nsd_000129,1,159.061,-24.9774,1.0885,-22.1214,142.24,-4.3072,-1.2268,-2.8417,168.018
dsgdb9nsd_000129,2,207.992,-15.4622,9.0955,17.9442,45.7063,31.7687,6.8581,17.6125,152.861
dsgdb9nsd_000129,3,-11.8685,45.7979,-46.5172,33.9844,54.3689,21.8951,-43.4607,24.5967,78.6691
dsgdb9nsd_000129,4,-174.348,-142.125,-131.116,-89.9548,-231.092,117.742,-142.076,100.955,281.278
dsgdb9nsd_000129,5,34.3202,-4.5699,1.2658,-3.9989,29.9555,-1.3051,0.1741,-0.8824,27.8239
dsgdb9nsd_000129,6,28.9986,0.2698,-0.9762,0.3553,29.0347,3.2408,0.0236,3.7522,33.9208
dsgdb9nsd_000129,7,31.8057,3.2835,-2.4525,2.5297,31.9612,-1.0005,-2.5404,-2.3532,28.7096
dsgdb9nsd_000129,8,28.6888,0.4546,-0.8326,1.7857,28.2219,-2.8638,-1.082,-3.7009,24.6848
dsgdb9nsd_000129,9,28.2129,-1.6861,2.1635,-1.6816,25.3002,1.832,2.7099,2.9738,34.152
dsgdb9nsd_000129,10,28.5683,-0.9008,1.6067,1.2414,30.2897,-0.522,0.2402,-1.5115,23.8748
dsgdb9nsd_000129,11,25.4179,1.5831,1.16,-4.0624,24.2658,-2.3681,2.5004,-0.5938,20.6809
dsgdb9nsd_000130,0,182.516,-5.6731,4.7465,-12.163,177.663,-0.3161,3.793,2.0831,158.597
dsgdb9nsd_000130,1,159.059,14.7843,24.211,7.9892,118.371,9.0795,24.3597,8.8648,103.965
dsgdb9nsd_000130,2,33.0902,-91.9074,-140.541,-87.915,191.724,-50.3193,-94.3627,-29.8356,145.251
dsgdb9nsd_000130,3,81.9829,14.2744,46.106,10.9481,66.6599,-3.2743,33.925,-5.4825,-38.4154
dsgdb9nsd_000130,4,-291.261,-151.631,42.9921,-146.518,228.119,-67.2549,76.0638,-51.3007,-178.221
dsgdb9nsd_000130,5,28.7606,-1.9601,-2.13,-1.9318,29.0931,3.5162,-1.555,2.1276,32.8733
dsgdb9nsd_000130,6,36.0592,0.7494,2.6638,-0.1868,27.9492,0.2442,2.4552,0.3314,28.1933
dsgdb9nsd_000130,7,28.7395,-0.5448,-0.7347,-0.0267,33.4362,-3.872,-0.779,-3.1516,29.7914
dsgdb9nsd_000130,8,27.5942,-0.8577,1.343,-0.8941,27.794,3.4306,-0.3156,2.7944,27.4875
dsgdb9nsd_000130,9,28.2095,1.8038,0.0144,1.7504,30.4958,-3.0002,1.0137,-1.7286,24.3102
dsgdb9nsd_000130,10,24.5448,0.7699,2.2738,0.0432,21.1315,1.5963,-2.6594,0.2705,25.1033
dsgdb9nsd_000131,0,175.87,-24.5888,0.0076,-29.4765,115.698,-0.0005,0.0045,-0.0018,107.936
dsgdb9nsd_000131,1,325.666,3.5382,-0.0069,-2.7774,348.378,-0.0076,-0.0324,0.0113,298.221
dsgdb9nsd_000131,2,143.761,17.5534,-0.0262,20.1384,103.897,0.007,-0.0166,0.0019,94.6841
dsgdb9nsd_000131,3,-18.3886,13.5247,-0.0538,15.283,-78.9956,-0.1153,-0.0244,-0.0919,86.0128
dsgdb9nsd_000131,4,-825.98,-222.644,-0.6947,-156.149,-463.762,-0.6561,-0.7131,-0.662,386.171
dsgdb9nsd_000131,5,29.4171,-3.853,3.4078,-2.3283,27.7621,-2.5039,1.677,-1.4363,28.3626
dsgdb9nsd_000131,6,29.4155,-3.8563,-3.4026,-2.3292,27.7668,2.5064,-1.675,1.4403,28.3594
dsgdb9nsd_000131,7,33.0883,2.9743,-0.0032,0.2555,26.4017,-0.001,-0.0023,-0.0015,24.5333
dsgdb9nsd_000131,8,28.292,3.534,1.537,2.661,28.0385,1.6694,0.4033,1.835,27.5472
dsgdb9nsd_000131,9,28.2881,3.5366,-1.5416,2.656,28.036,-1.6702,-0.4039,-1.8366,27.5526
dsgdb9nsd_000131,10,22.4409,-0.8816,-0.0011,-4.373,20.8657,-0.0003,-0.0033,0.0013,21.0906
dsgdb9nsd_000132,0,288.648,16.6294,3.4273,-10.5044,308.038,15.6093,-12.4045,30.6306,296.409
dsgdb9nsd_000132,1,161.768,-21.0571,6.44,-20.9192,125.378,-9.4077,3.4041,-11.4498,108.544
dsgdb9nsd_000132,2,158.163,-30.4759,-13.1419,-5.6892,141.946,-3.487,-9.0669,-10.4409,118.232
dsgdb9nsd_000132,3,-2.3672,38.5038,-15.8218,36.2947,-15.4787,-84.0825,-12.0112,-80.1184,24.5935
dsgdb9nsd_000132,4,-620.546,40.1982,-387.717,33.5885,-154.613,-417.94,-404.236,-419.92,-174.188
dsgdb9nsd_000132,5,30.6836,-3.961,-0.8537,-3.838,35.2186,8.4819,-1.377,7.9894,30.4779
dsgdb9nsd_000132,6,27.534,-2.5047,-0.7407,-0.6064,30.8648,2.4471,-0.9159,0.7816,24.5896
dsgdb9nsd_000132,7,28.7532,-1.3716,2.8029,-0.7701,25.9693,-3.8782,-0.1818,-2.8311,29.2492
dsgdb9nsd_000132,8,29.4208,-0.3175,-1.0956,2.0253,30.7535,2.0907,1.4842,0.0195,28.1113
dsgdb9nsd_000132,9,27.535,2.1921,-1.0494,-0.5913,28.6556,-2.403,-0.7769,-0.0765,30.5973
dsgdb9nsd_000132,10,22.865,-0.7246,-0.5908,-3.4888,21.2724,-0.1488,-2.568,1.0088,20.5557
dsgdb9nsd_000133,0,187.095,-5.5989,-0.0018,-11.4172,172.748,-0.0058,-0.0014,0.002,163.289
dsgdb9nsd_000133,1,176.811,-0.2737,0.003,5.8385,163.03,0.0043,-0.0034,0.001,150.494
dsgdb9nsd_000133,2,177.615,0,0.0014,0,150.556,-0.0067,0.0105,-0.0107,133.454
dsgdb9nsd_000133,3,176.811,0.2737,0.0011,-5.8385,163.03,-0.0026,-0.0003,-0.0035,150.494
dsgdb9nsd_000133,4,187.095,5.5989,-0.0008,11.4172,172.748,-0.0026,-0.0008,-0.0037,163.289
dsgdb9nsd_000133,5,30.3964,-2.559,-2.1194,-1.7913,30.4336,4.1291,-1.5683,3.4925,31.6658
dsgdb9nsd_000133,6,30.3972,-2.5587,2.1136,-1.7898,30.4457,-4.1328,1.5629,-3.496,31.6546
dsgdb9nsd_000133,7,36.5973,3.0628,0.0059,1.789,28.7387,0.003,0.005,0.0037,26.4589
dsgdb9nsd_000133,8,30.5478,0.1286,-0.5602,-0.0807,30.7887,-4.6234,-0.7924,-4.2005,29.6589
dsgdb9nsd_000133,9,30.5479,0.1302,0.5602,-0.0798,30.7857,4.6248,0.7923,4.202,29.6615
dsgdb9nsd_000133,10,31.4137,0.0007,0.0002,0.0004,30.0642,-3.8985,0,-3.3451,29.9003
dsgdb9nsd_000133,11,31.4141,-0.0007,0.0002,-0.0004,30.0646,3.8982,0,3.3447,29.8985
dsgdb9nsd_000133,12,30.5475,-0.1295,0.5602,0.0802,30.7856,-4.6244,0.7924,-4.2017,29.6621
dsgdb9nsd_000133,13,30.5482,-0.1293,-0.5602,0.0802,30.7888,4.6238,-0.7922,4.2008,29.6582
dsgdb9nsd_000133,14,30.3967,2.5585,-2.1172,1.7903,30.4378,-4.1306,-1.5661,-3.4939,31.6621
dsgdb9nsd_000133,15,30.3968,2.5592,2.1159,1.7908,30.4415,4.1313,1.565,3.4946,31.6583
dsgdb9nsd_000133,16,36.5973,-3.0628,0.0011,-1.789,28.7387,-0.0006,0.0009,-0.0008,26.4589
dsgdb9nsd_000134,0,187.246,5.3566,0.0001,10.893,172.55,0.0002,-0.0001,0.0001,163.813
dsgdb9nsd_000134,1,176.663,0.338,0.0001,-5.1116,168.97,-0.0003,0.0001,-0.0001,158.579
dsgdb9nsd_000134,2,176.916,-2.2748,-0.0001,-2.0715,155.647,-0.0004,0.0004,-0.0005,132.333
dsgdb9nsd_000134,3,152.233,-29.4732,-0.0012,-19.5172,124.733,-0.0008,-0.0016,-0.0009,98.0742
dsgdb9nsd_000134,4,357.342,24.5999,0.0042,53.7806,284.62,0.0037,0.0035,0.0053,269.567
dsgdb9nsd_000134,5,36.4051,-3.1571,0.0001,-1.9908,28.8438,0,0.0001,0,26.5088
dsgdb9nsd_000134,6,30.2793,2.5569,2.1522,1.773,30.3505,4.1259,1.6041,3.5211,31.7603
dsgdb9nsd_000134,7,30.2793,2.5569,-2.1522,1.773,30.3504,-4.1258,-1.6042,-3.521,31.7604
dsgdb9nsd_000134,8,30.2842,0.1163,0.3915,-0.1465,31.0185,-5.0214,0.4758,-4.4801,29.9953
dsgdb9nsd_000134,9,30.2842,0.1162,-0.3915,-0.1465,31.0186,5.0214,-0.4759,4.48,29.9952
dsgdb9nsd_000134,10,30.5026,-0.3521,0.344,-0.3478,29.5986,-3.8396,0.3816,-3.0541,30.2358
dsgdb9nsd_000134,11,30.5027,-0.3521,-0.344,-0.3478,29.5988,3.8396,-0.3816,3.0541,30.2356
dsgdb9nsd_000134,12,29.0635,-1.5448,0.4909,-1.0795,28.4447,-3.8978,-1.7417,-3.0013,26.1412
dsgdb9nsd_000134,13,29.0636,-1.5447,-0.491,-1.0795,28.4448,3.8977,1.7416,3.0013,26.1412
dsgdb9nsd_000134,14,42.918,6.0627,0.0017,4.1804,30.7884,0.0011,0.0016,0.0009,22.495
dsgdb9nsd_000135,0,187.454,-5.2459,-0.0032,-10.4927,177.947,-0.0012,0.0014,0.0083,171.538
dsgdb9nsd_000135,1,176.344,-2.0172,0.0035,4.0765,167.426,0.0039,-0.0012,-0.0017,149.513
dsgdb9nsd_000135,2,155.585,-28.6554,0.0116,-22.3765,110.423,-0.0107,0.0205,-0.0193,81.0497
dsgdb9nsd_000135,3,322.844,-4.4547,0.0065,-13.0879,322.204,-0.0187,0.0165,-0.0268,284.505
dsgdb9nsd_000135,4,171.64,31.3473,-0.0149,34.9653,119.699,-0.0113,-0.0131,-0.0129,106.962
dsgdb9nsd_000135,5,30.2172,-2.4266,-2.1489,-2.0074,30.5488,4.4401,-1.4903,3.7762,32.0445
dsgdb9nsd_000135,6,36.2253,3.2792,0.0066,2.1006,29.0838,0.0038,0.0062,0.005,26.6934
dsgdb9nsd_000135,7,30.2181,-2.4262,2.1422,-2.0064,30.5642,-4.4444,1.4843,-3.7803,32.0303
dsgdb9nsd_000135,8,29.7951,-0.2413,0.0433,-0.3556,30.4473,4.5611,0.2336,3.9758,29.9283
dsgdb9nsd_000135,9,29.7951,-0.2433,-0.0436,-0.3566,30.4507,-4.5598,-0.2341,-3.9742,29.9253
dsgdb9nsd_000135,10,29.6338,-2.0028,-1.2105,-0.5127,28.4803,2.9539,0.5276,1.9783,27.3485
dsgdb9nsd_000135,11,29.6334,-2.0009,1.2126,-0.5113,28.4805,-2.9535,-0.5271,-1.9786,27.3506
dsgdb9nsd_000135,12,29.5288,4.4279,3.4838,2.4479,27.8769,2.6617,1.644,1.5003,28.2882
dsgdb9nsd_000135,13,29.528,4.4254,-3.4864,2.4464,27.8741,-2.6615,-1.6456,-1.5004,28.2923
dsgdb9nsd_000135,14,34.1125,-2.1686,0.0002,0.2634,25.8807,-0.0005,-0.0003,-0.0008,24.49
dsgdb9nsd_000136,0,185.409,4.2613,0.0005,10.1187,176.574,0.0065,0.006,0.0098,160.253
dsgdb9nsd_000136,1,157.003,-27.4538,-0.015,-27.5217,119.826,0.0202,-0.0054,0.0215,92.4716
dsgdb9nsd_000136,2,325.191,-0.0001,0.0062,-0.0001,283.979,-0.0037,0.0165,-0.0064,245.404
dsgdb9nsd_000136,3,157.003,27.4538,-0.0111,27.5217,119.826,-0.0156,-0.0036,-0.0183,92.4717
dsgdb9nsd_000136,4,185.409,-4.2613,0.0024,-10.1187,176.574,-0.0092,0.0058,-0.011,160.253
dsgdb9nsd_000136,5,29.3445,2.051,-1.4364,1.4509,30.2762,-4.1617,-0.9627,-3.37,31.7099
dsgdb9nsd_000136,6,29.3443,2.0511,1.4418,1.4522,30.2631,4.1581,0.9677,3.3671,31.7232
dsgdb9nsd_000136,7,36.285,-2.5911,-0.0054,-2.0889,28.8177,0.0025,-0.0043,0.003,27.323
dsgdb9nsd_000136,8,28.8397,-2.2393,-1.9546,-0.6083,29.0224,3.589,-0.4583,2.7552,26.8777
dsgdb9nsd_000136,9,28.8416,-2.2398,1.9547,-0.6076,29.0297,-3.5852,0.4581,-2.751,26.8699
dsgdb9nsd_000136,10,28.8419,2.2397,1.9549,0.6075,29.0296,3.5853,0.4581,2.7513,26.8701
dsgdb9nsd_000136,11,28.8394,2.2394,-1.9544,0.6084,29.0225,-3.5889,-0.4583,-2.755,26.8776
dsgdb9nsd_000136,12,29.3446,-2.0514,-1.4376,-1.4517,30.2746,4.1611,-0.9638,3.3694,31.7114
dsgdb9nsd_000136,13,29.3442,-2.0506,1.4406,-1.4514,30.2647,-4.1587,0.9665,-3.3678,31.7218
dsgdb9nsd_000136,14,36.285,2.5911,-0.0029,2.0889,28.8177,-0.0013,-0.0022,-0.0017,27.323
dsgdb9nsd_000137,0,182.385,-4.2649,18.974,-1.5483,103.187,-1.7151,20.5018,-2.5346,112.257
dsgdb9nsd_000137,1,316.173,-3.1408,6.2292,-9.6296,309.563,19.8519,-4.8105,31.7767,329.929
dsgdb9nsd_000137,2,130.499,-16.2105,-9.3731,-29.2034,118.138,20.1339,-13.5032,9.3329,101.984
dsgdb9nsd_000137,3,120.129,12.0491,1.3064,19.6851,150.728,-15.8635,-1.2939,-8.8982,113.857
dsgdb9nsd_000137,4,320.87,-23.8073,4.1274,-5.8979,304.436,-2.1642,-7.2925,-15.6103,311.235
dsgdb9nsd_000137,5,32.2485,-4.3852,-1.3599,-2.4874,26.889,1.2883,0.0964,0.8374,25.0994
dsgdb9nsd_000137,6,32.5663,4.7284,-0.4422,2.0744,26.9672,-1.0922,0.1744,-0.198,25.841
dsgdb9nsd_000137,7,29.9787,-0.242,5.3481,-0.5591,25.6345,-1.3414,2.496,-1.3828,29.9609
dsgdb9nsd_000137,8,27.6581,-1.4028,-2.1483,-0.424,26.9527,4.0673,-0.5962,2.4085,30.4436
dsgdb9nsd_000137,9,27.2058,-1.1901,-0.6533,1.1606,32.2816,0.1522,-0.734,0.0312,25.6831
dsgdb9nsd_000137,10,28.737,-1.374,-0.4599,-3.3509,31.2059,0.3566,-1.554,-0.004,24.9108
dsgdb9nsd_000137,11,25.89,1.1486,1.2366,0.8345,27.5933,-4.8825,1.821,-3.1523,29.9167
dsgdb9nsd_000137,12,34.8025,-4.4282,-4.9371,-4.8947,35.955,2.1153,-2.8578,2.8919,21.6688
dsgdb9nsd_000138,0,355.953,-25.6769,-0.0117,-58.2595,289.598,0.0134,-0.011,0.0224,274.226
dsgdb9nsd_000138,1,152.917,28.9544,0.0037,20.9692,129.167,-0.0054,0.0048,-0.0063,104.035
dsgdb9nsd_000138,2,176.179,0,-0.0001,0,159.734,-0.005,0.0004,-0.0051,130.433
dsgdb9nsd_000138,3,152.917,-28.9544,-0.0088,-20.9692,129.167,-0.0037,-0.0125,-0.0033,104.035
dsgdb9nsd_000138,4,355.953,25.6769,0.0227,58.2594,289.598,0.0241,0.0253,0.0373,274.226
dsgdb9nsd_000138,5,42.6179,-6.1962,-0.0058,-4.5332,31.0622,0.0037,-0.0057,0.0031,22.5796
dsgdb9nsd_000138,6,28.8006,1.7659,-0.6347,0.8416,28.6027,-4.2313,1.3388,-3.1567,26.3246
dsgdb9nsd_000138,7,28.801,1.7655,0.6348,0.841,28.6042,4.2305,-1.3389,3.1562,26.3232
dsgdb9nsd_000138,8,29.645,0.0002,0,0.0001,29.0393,-3.7239,0,-2.6481,30.4777
dsgdb9nsd_000138,9,29.6461,-0.0002,0,-0.0001,29.0409,3.7239,0,2.648,30.4751
dsgdb9nsd_000138,10,28.8008,-1.7661,0.6344,-0.8414,28.6034,-4.2312,-1.339,-3.1565,26.3238
dsgdb9nsd_000138,11,28.8008,-1.7653,-0.6351,-0.8412,28.6034,4.2306,1.3387,3.1565,26.3241
dsgdb9nsd_000138,12,42.6179,6.1962,0.0097,4.5332,31.0622,0.0067,0.0092,0.006,22.5796
dsgdb9nsd_000139,0,242.557,-0.0217,49.1772,0.0588,61.71,0.0154,68.9947,-0.0142,88.848
dsgdb9nsd_000139,1,272.685,0.001,71.9927,-0.1073,23.6787,-0.0311,72.2955,0.0017,36.9608
dsgdb9nsd_000139,2,195.205,-0.0012,31.6882,-0.0034,173.738,-0.0036,37.7973,-0.0005,191.779
dsgdb9nsd_000139,3,193.326,2.1863,17.7197,6.2166,151.821,-1.2746,13.5201,0.373,191.006
dsgdb9nsd_000139,4,193.325,-2.1859,17.7184,-6.2173,151.82,1.2705,13.5198,-0.376,191.007
dsgdb9nsd_000139,5,39.387,-0.0079,3.7986,0.0039,25.428,0.0012,5.5378,-0.0033,26.7865
dsgdb9nsd_000139,6,28.8286,-0.0001,5.5914,-0.0001,23.2063,-0.0016,-0.888,-0.001,39.7199
dsgdb9nsd_000139,7,34.1153,-7.6635,3.3172,-3.9796,30.3626,-0.6531,5.4307,-4.0612,28.8374
dsgdb9nsd_000139,8,28.2677,2.0738,3.5433,-0.947,30.8006,4.1093,1.5436,7.1411,34.2013
