molecule_name,atom_index_0,atom_index_1,type,fc,sd,pso,dso
dsgdb9nsd_000001,1,0,1JHC,83.0224,0.254579,1.25862,0.27201
dsgdb9nsd_000001,1,2,2JHH,-11.0347,0.352978,2.85839,-3.4336
dsgdb9nsd_000001,1,3,2JHH,-11.0325,0.352944,2.85852,-3.43387
dsgdb9nsd_000001,1,4,2JHH,-11.0319,0.352934,2.85855,-3.43393
dsgdb9nsd_000001,2,0,1JHC,83.0222,0.254585,1.25861,0.272013
dsgdb9nsd_000001,2,3,2JHH,-11.0317,0.352932,2.85856,-3.43395
dsgdb9nsd_000001,2,4,2JHH,-11.0324,0.352943,2.85853,-3.43387
dsgdb9nsd_000001,3,0,1JHC,83.0241,0.254634,1.25856,0.272012
dsgdb9nsd_000001,3,4,2JHH,-11.0319,0.352943,2.85856,-3.43393
dsgdb9nsd_000001,4,0,1JHC,83.0243,0.254628,1.25856,0.272012
dsgdb9nsd_000002,1,0,1JHN,30.6116,0.059952,1.94935,0.067923
dsgdb9nsd_000002,1,2,2JHH,-11.828,0.574885,5.01783,-4.95141
dsgdb9nsd_000002,1,3,2JHH,-11.8157,0.574494,5.01889,-4.95335
dsgdb9nsd_000002,2,0,1JHN,30.6119,0.059961,1.94935,0.067922
dsgdb9nsd_000002,2,3,2JHH,-11.8159,0.574501,5.0189,-4.95335
dsgdb9nsd_000002,3,0,1JHN,30.6135,0.059939,1.94911,0.067931
dsgdb9nsd_000003,1,2,2JHH,-12.0161,0.724981,8.20153,-6.85679
dsgdb9nsd_000005,2,0,1JHC,170.506,0.867723,-0.654267,0.5009
dsgdb9nsd_000005,2,1,2JHN,2.74055,0.537983,2.34189,-0.437965
dsgdb9nsd_000007,2,0,1JHC,81.7863,0.186612,1.0638,0.506273
dsgdb9nsd_000007,2,1,2JHC,-2.42493,0.077475,0.317149,-0.348001
dsgdb9nsd_000007,2,3,2JHH,-11.73,0.375,2.48556,-2.83099
dsgdb9nsd_000007,2,4,2JHH,-11.7273,0.374949,2.48568,-2.83122
dsgdb9nsd_000007,2,5,3JHH,3.38259,0.063734,0.739016,-0.932534
dsgdb9nsd_000007,2,6,3JHH,14.5667,0.025484,2.16261,-3.06353
dsgdb9nsd_000007,2,7,3JHH,3.38183,0.063731,0.739005,-0.932512
dsgdb9nsd_000007,3,0,1JHC,81.785,0.186562,1.06384,0.506275
dsgdb9nsd_000007,3,1,2JHC,-2.42525,0.077477,0.317142,-0.347991
dsgdb9nsd_000007,3,4,2JHH,-11.7291,0.374969,2.48558,-2.83104
dsgdb9nsd_000007,3,5,3JHH,14.5678,0.025487,2.1626,-3.06351
dsgdb9nsd_000007,3,6,3JHH,3.38233,0.063729,0.739035,-0.932563
dsgdb9nsd_000007,3,7,3JHH,3.3825,0.063733,0.739003,-0.932512
dsgdb9nsd_000007,4,0,1JHC,81.7918,0.186563,1.06378,0.506266
dsgdb9nsd_000007,4,1,2JHC,-2.42377,0.077459,0.317188,-0.348034
dsgdb9nsd_000007,4,5,3JHH,3.38222,0.063728,0.739028,-0.93255
dsgdb9nsd_000007,4,6,3JHH,3.38217,0.063738,0.738961,-0.932448
dsgdb9nsd_000007,4,7,3JHH,14.5675,0.025473,2.16255,-3.06342
dsgdb9nsd_000007,5,0,2JHC,-2.42539,0.077478,0.317139,-0.347989
dsgdb9nsd_000007,5,1,1JHC,81.7851,0.186561,1.06383,0.506275
dsgdb9nsd_000007,5,6,2JHH,-11.73,0.374999,2.48556,-2.83099
dsgdb9nsd_000007,5,7,2JHH,-11.7288,0.374965,2.4856,-2.83108
dsgdb9nsd_000007,6,0,2JHC,-2.42514,0.077474,0.317142,-0.347994
dsgdb9nsd_000007,6,1,1JHC,81.7863,0.186609,1.06379,0.506273
dsgdb9nsd_000007,6,7,2JHH,-11.727,0.374944,2.4857,-2.83126
dsgdb9nsd_000007,7,0,2JHC,-2.42385,0.077461,0.317186,-0.348032
dsgdb9nsd_000007,7,1,1JHC,81.792,0.186572,1.06377,0.506266
dsgdb9nsd_000008,2,0,1JHC,86.5266,0.140259,0.345622,0.620163
dsgdb9nsd_000008,2,3,2JHH,-6.44947,0.41213,2.30939,-2.75497
dsgdb9nsd_000008,2,4,2JHH,-10.579,0.432335,2.27889,-2.74206
dsgdb9nsd_000008,2,5,3JHH,1.55032,0.035777,1.23015,-1.38548
dsgdb9nsd_000008,3,0,1JHC,86.5191,0.140223,0.345852,0.620176
dsgdb9nsd_000008,3,4,2JHH,-10.5845,0.432299,2.27888,-2.742
dsgdb9nsd_000008,3,5,3JHH,1.56952,0.036494,1.22667,-1.38035
dsgdb9nsd_000008,4,0,1JHC,89.0677,0.166712,0.238764,0.615585
dsgdb9nsd_000008,4,5,3JHH,14.8818,0.067534,3.69055,-4.85343
dsgdb9nsd_000008,5,0,2JHC,-1.46493,0.03793,0.777579,-0.720525
dsgdb9nsd_000009,3,0,1JHC,89.7586,0.144733,1.01257,0.532807
dsgdb9nsd_000009,3,1,2JHC,-9.53192,0.186811,0.1069,-0.238358
dsgdb9nsd_000009,3,2,3JHC,4.50346,-0.095534,0.645694,-0.50197
dsgdb9nsd_000009,3,4,2JHH,-14.979,0.3628,2.53855,-2.84509
dsgdb9nsd_000009,3,5,2JHH,-14.9752,0.36275,2.53874,-2.84543
dsgdb9nsd_000009,4,0,1JHC,89.7654,0.144728,1.01253,0.532811
dsgdb9nsd_000009,4,1,2JHC,-9.52792,0.18677,0.106898,-0.238357
dsgdb9nsd_000009,4,2,3JHC,4.50599,-0.095446,0.645498,-0.50194
dsgdb9nsd_000009,4,5,2JHH,-14.975,0.362743,2.53872,-2.84541
dsgdb9nsd_000009,5,0,1JHC,89.7643,0.144786,1.01247,0.532822
dsgdb9nsd_000009,5,1,2JHC,-9.52786,0.18672,0.106887,-0.238308
dsgdb9nsd_000009,5,2,3JHC,4.50539,-0.095391,0.645287,-0.501876
dsgdb9nsd_000009,6,0,3JHC,2.52655,0.085995,0.452039,-0.545933
dsgdb9nsd_000009,6,1,2JHC,14.9648,0.952786,5.2742,-1.24942
dsgdb9nsd_000009,6,2,1JHC,198.244,0.841477,-0.622308,0.450034
dsgdb9nsd_000010,3,0,1JHC,89.9939,0.175862,0.942187,0.523559
dsgdb9nsd_000010,3,1,2JHC,-7.7853,0.164526,0.076892,-0.16941
dsgdb9nsd_000010,3,2,3JHN,0.84638,-0.029237,0.225825,-0.162166
dsgdb9nsd_000010,3,4,2JHH,-14.6185,0.363574,2.57118,-2.94603
dsgdb9nsd_000010,3,5,2JHH,-14.6118,0.363484,2.57155,-2.94669
dsgdb9nsd_000010,4,0,1JHC,89.9799,0.17578,0.942337,0.523556
dsgdb9nsd_000010,4,1,2JHC,-7.789,0.164695,0.07675,-0.169312
dsgdb9nsd_000010,4,2,3JHN,0.846343,-0.029285,0.226104,-0.162205
dsgdb9nsd_000010,4,5,2JHH,-14.6123,0.363496,2.57157,-2.94673
dsgdb9nsd_000010,5,0,1JHC,89.9837,0.175882,0.94223,0.523562
dsgdb9nsd_000010,5,1,2JHC,-7.78883,0.16466,0.076727,-0.169283
dsgdb9nsd_000010,5,2,3JHN,0.846297,-0.029273,0.226041,-0.162194
dsgdb9nsd_000011,3,0,1JHC,86.6573,0.226042,0.821762,0.578633
dsgdb9nsd_000011,3,1,2JHC,-6.16788,0.013447,-0.218375,-0.194087
dsgdb9nsd_000011,3,4,2JHH,-10.2306,0.329742,2.52275,-2.90988
dsgdb9nsd_000011,3,5,2JHH,-10.2837,0.330377,2.52042,-2.90539
dsgdb9nsd_000011,3,6,3JHH,7.79041,-0.033392,2.0381,-3.00308
dsgdb9nsd_000011,4,0,1JHC,80.6709,0.174409,1.09937,0.56941
dsgdb9nsd_000011,4,1,2JHC,-3.78806,0.162387,-0.038622,-0.11676
dsgdb9nsd_000011,4,5,2JHH,-17.7483,0.384387,2.43645,-2.65008
dsgdb9nsd_000011,4,6,3JHH,0.215153,0.084005,0.618686,-0.719418
dsgdb9nsd_000011,5,0,1JHC,80.6699,0.173975,1.09995,0.569289
dsgdb9nsd_000011,5,1,2JHC,-3.7796,0.16275,-0.037382,-0.11749
dsgdb9nsd_000011,5,6,3JHH,0.206961,0.083462,0.622025,-0.724356
dsgdb9nsd_000011,6,0,2JHC,32.097,0.05352,-0.053873,-0.323037
dsgdb9nsd_000011,6,1,1JHC,110.286,0.330696,-0.831769,0.930415
dsgdb9nsd_000012,3,0,1JHN,53.6945,0.143624,1.48139,0.205708
dsgdb9nsd_000012,3,1,2JHC,-2.68672,-0.124759,-0.608376,-0.641872
dsgdb9nsd_000012,3,4,2JHH,5.57221,0.248065,5.69089,-6.18298
dsgdb9nsd_000012,3,5,3JHH,13.4337,-0.01597,2.7727,-4.13684
dsgdb9nsd_000012,4,0,1JHN,52.7562,0.175517,1.60638,0.197831
dsgdb9nsd_000012,4,1,2JHC,7.96076,-0.030056,-0.608619,-0.662417
dsgdb9nsd_000012,4,5,3JHH,-0.664323,0.113662,0.366192,-0.517654
dsgdb9nsd_000012,5,0,2JHN,15.8193,0.017464,-0.214723,-0.108601
dsgdb9nsd_000012,5,1,1JHC,108.305,0.27561,-0.369656,1.09065
dsgdb9nsd_000013,3,0,1JHC,81.7544,0.177202,1.00039,0.581261
dsgdb9nsd_000013,3,1,2JHC,-2.11802,0.084208,0.240526,-0.236746
dsgdb9nsd_000013,3,2,3JHC,2.54898,-0.028336,0.057695,-0.065569
dsgdb9nsd_000013,3,4,2JHH,-11.5248,0.372215,2.32584,-2.60495
dsgdb9nsd_000013,3,5,2JHH,-11.5322,0.368317,2.38691,-2.70251
dsgdb9nsd_000013,3,6,3JHH,3.48402,0.067269,0.593106,-0.715101
dsgdb9nsd_000013,3,7,3JHH,13.1647,0.030962,2.08406,-2.94898
dsgdb9nsd_000013,4,0,1JHC,81.7554,0.177181,1.0004,0.581272
dsgdb9nsd_000013,4,1,2JHC,-2.1185,0.084224,0.240569,-0.236739
dsgdb9nsd_000013,4,2,3JHC,2.55419,-0.028365,0.057605,-0.065408
dsgdb9nsd_000013,4,5,2JHH,-11.5328,0.368322,2.38686,-2.70243
dsgdb9nsd_000013,4,6,3JHH,13.1657,0.030969,2.08409,-2.94901
dsgdb9nsd_000013,4,7,3JHH,3.47919,0.067169,0.593678,-0.715946
dsgdb9nsd_000013,5,0,1JHC,78.9234,0.178189,1.04823,0.554899
dsgdb9nsd_000013,5,1,2JHC,-1.72153,0.064898,0.222927,-0.256287
dsgdb9nsd_000013,5,2,3JHC,10.5797,0.025099,0.310442,-0.475986
dsgdb9nsd_000013,5,6,3JHH,2.92433,0.072458,0.538764,-0.641063
dsgdb9nsd_000013,5,7,3JHH,2.92854,0.072566,0.538197,-0.640229
dsgdb9nsd_000013,6,0,2JHC,-1.93266,0.074206,0.207041,-0.252099
dsgdb9nsd_000013,6,1,1JHC,79.5332,0.114051,0.861172,0.748378
dsgdb9nsd_000013,6,2,2JHC,-1.93281,0.074208,0.207044,-0.2521
dsgdb9nsd_000013,6,7,2JHH,-12.2687,0.382297,2.09893,-2.25221
dsgdb9nsd_000013,6,8,3JHH,3.47923,0.06717,0.593673,-0.715938
dsgdb9nsd_000013,6,9,3JHH,2.9285,0.072565,0.538201,-0.640235
dsgdb9nsd_000013,6,10,3JHH,13.1647,0.030962,2.08406,-2.94898
dsgdb9nsd_000013,7,0,2JHC,-1.93281,0.074208,0.207044,-0.2521
dsgdb9nsd_000013,7,1,1JHC,79.5332,0.114051,0.861172,0.748378
dsgdb9nsd_000013,7,2,2JHC,-1.93266,0.074206,0.207041,-0.2521
dsgdb9nsd_000013,7,8,3JHH,13.1657,0.030969,2.08409,-2.94901
dsgdb9nsd_000013,7,9,3JHH,2.92437,0.072459,0.53876,-0.641057
dsgdb9nsd_000013,7,10,3JHH,3.48397,0.067268,0.593111,-0.715109
dsgdb9nsd_000013,8,0,3JHC,2.55415,-0.028365,0.057605,-0.06541
dsgdb9nsd_000013,8,1,2JHC,-2.1185,0.084224,0.240569,-0.236739
dsgdb9nsd_000013,8,2,1JHC,81.7554,0.177182,1.0004,0.581272
dsgdb9nsd_000013,8,9,2JHH,-11.5328,0.368323,2.38686,-2.70243
dsgdb9nsd_000013,8,10,2JHH,-11.5248,0.372216,2.32584,-2.60495
dsgdb9nsd_000013,9,0,3JHC,10.5797,0.025099,0.310442,-0.475986
dsgdb9nsd_000013,9,1,2JHC,-1.72153,0.064898,0.222927,-0.256287
dsgdb9nsd_000013,9,2,1JHC,78.9234,0.178189,1.04823,0.554899
dsgdb9nsd_000013,9,10,2JHH,-11.5322,0.368317,2.38691,-2.70251
dsgdb9nsd_000013,10,0,3JHC,2.54903,-0.028336,0.057695,-0.065568
dsgdb9nsd_000013,10,1,2JHC,-2.11802,0.084208,0.240526,-0.236746
dsgdb9nsd_000013,10,2,1JHC,81.7544,0.177202,1.00039,0.581261
dsgdb9nsd_000014,3,0,1JHC,83.5775,0.189499,0.902242,0.613082
dsgdb9nsd_000014,3,1,2JHC,-4.41044,0.08577,0.087496,-0.19463
dsgdb9nsd_000014,3,4,2JHH,-10.9049,0.368498,2.31812,-2.62211
dsgdb9nsd_000014,3,5,2JHH,-11.5114,0.358194,2.40244,-2.7481
dsgdb9nsd_000014,3,6,3JHH,4.42697,0.078582,0.524268,-0.642065
dsgdb9nsd_000014,3,7,3JHH,12.3384,0.03537,2.0917,-2.99371
dsgdb9nsd_000014,4,0,1JHC,83.576,0.189523,0.902254,0.613068
dsgdb9nsd_000014,4,1,2JHC,-4.4094,0.085759,0.087485,-0.194675
dsgdb9nsd_000014,4,5,2JHH,-11.5105,0.35819,2.40248,-2.74815
dsgdb9nsd_000014,4,6,3JHH,12.3386,0.035362,2.09168,-2.99368
dsgdb9nsd_000014,4,7,3JHH,4.42884,0.078612,0.524103,-0.641834
dsgdb9nsd_000014,5,0,1JHC,77.0805,0.168017,1.06759,0.586374
dsgdb9nsd_000014,5,1,2JHC,1.89517,0.096167,0.155365,-0.191747
dsgdb9nsd_000014,5,6,3JHH,1.73506,0.077497,0.513736,-0.58828
dsgdb9nsd_000014,5,7,3JHH,1.73369,0.077439,0.514077,-0.588771
dsgdb9nsd_000014,6,0,2JHC,-1.03595,0.065333,0.120498,-0.243638
dsgdb9nsd_000014,6,1,1JHC,86.293,0.076032,0.169899,0.866614
dsgdb9nsd_000014,6,7,2JHH,-6.74125,0.419052,1.93993,-2.20359
dsgdb9nsd_000014,6,8,3JHH,1.26278,0.050895,0.984277,-1.04888
dsgdb9nsd_000014,7,0,2JHC,-1.03662,0.06535,0.120526,-0.243657
dsgdb9nsd_000014,7,1,1JHC,86.2904,0.076035,0.169942,0.866615
dsgdb9nsd_000014,7,8,3JHH,1.26572,0.051045,0.98354,-1.0478
dsgdb9nsd_000014,8,0,3JHC,8.20336,0.04175,0.580828,-0.803046
dsgdb9nsd_000014,8,1,2JHC,-1.02822,0.02894,0.650173,-0.609803
dsgdb9nsd_000017,3,0,1JHC,111.489,0.308367,0.094303,0.825878
dsgdb9nsd_000017,3,1,2JHC,-0.815568,-0.115438,0.384305,-0.451132
dsgdb9nsd_000017,3,4,2JHH,7.22199,0.351675,2.56556,-3.14498
dsgdb9nsd_000017,3,5,3JHH,1.55486,0.009046,2.2968,-3.15206
dsgdb9nsd_000017,3,6,3JHH,2.46563,0.086607,0.585284,-0.680875
dsgdb9nsd_000017,4,0,1JHC,111.49,0.308376,0.094294,0.825877
dsgdb9nsd_000017,4,1,2JHC,-0.815535,-0.115429,0.384312,-0.451145
dsgdb9nsd_000017,4,5,3JHH,2.46557,0.0866,0.585343,-0.680962
dsgdb9nsd_000017,4,6,3JHH,1.55488,0.009046,2.2968,-3.15206
dsgdb9nsd_000017,5,0,2JHC,-0.815518,-0.115429,0.384311,-0.451145
dsgdb9nsd_000017,5,1,1JHC,111.49,0.308377,0.094292,0.825877
dsgdb9nsd_000017,5,6,2JHH,7.2221,0.351674,2.56557,-3.14499
dsgdb9nsd_000017,6,0,2JHC,-0.815533,-0.115441,0.384307,-0.451133
dsgdb9nsd_000017,6,1,1JHC,111.489,0.308367,0.094301,0.825878
dsgdb9nsd_000018,4,0,1JHC,80.284,0.177421,1.06786,0.634598
dsgdb9nsd_000018,4,1,2JHC,-2.63599,0.15131,-0.092679,-0.015219
dsgdb9nsd_000018,4,2,3JHC,-0.07878,-0.038768,0.030734,-0.050079
dsgdb9nsd_000018,4,5,2JHH,-10.6063,0.340428,2.40111,-2.73118
dsgdb9nsd_000018,4,6,2JHH,-16.6651,0.380828,2.30235,-2.46757
dsgdb9nsd_000018,5,0,1JHC,86.8363,0.218363,0.794895,0.626461
dsgdb9nsd_000018,5,1,2JHC,-5.1806,0.005772,-0.283198,-0.082569
dsgdb9nsd_000018,5,2,3JHC,4.47155,0.051715,0.317936,-0.478486
dsgdb9nsd_000018,5,6,2JHH,-10.615,0.340477,2.40091,-2.7308
dsgdb9nsd_000018,6,0,1JHC,80.2819,0.177371,1.06796,0.634608
dsgdb9nsd_000018,6,1,2JHC,-2.64056,0.151416,-0.09226,-0.015131
dsgdb9nsd_000018,6,2,3JHC,-0.079981,-0.038725,0.030909,-0.050326
dsgdb9nsd_000018,7,0,3JHC,-0.078744,-0.038768,0.030737,-0.050081
dsgdb9nsd_000018,7,1,2JHC,-2.63641,0.151314,-0.092657,-0.015204
dsgdb9nsd_000018,7,2,1JHC,80.2837,0.177407,1.06787,0.634602
dsgdb9nsd_000018,7,8,2JHH,-10.607,0.340433,2.40108,-2.73113
dsgdb9nsd_000018,7,9,2JHH,-16.6651,0.380827,2.30235,-2.46757
dsgdb9nsd_000018,8,0,3JHC,4.47157,0.051715,0.317936,-0.478486
dsgdb9nsd_000018,8,1,2JHC,-5.18055,0.005772,-0.283195,-0.082575
dsgdb9nsd_000018,8,2,1JHC,86.8365,0.218369,0.794887,0.626462
dsgdb9nsd_000018,8,9,2JHH,-10.614,0.340467,2.40096,-2.73088
dsgdb9nsd_000018,9,0,3JHC,-0.079968,-0.038726,0.030901,-0.050316
dsgdb9nsd_000018,9,1,2JHC,-2.64044,0.151414,-0.092291,-0.015137
dsgdb9nsd_000018,9,2,1JHC,80.282,0.177379,1.06795,0.634608
dsgdb9nsd_000019,4,0,1JHC,78.6147,0.181801,1.04765,0.651249
dsgdb9nsd_000019,4,1,2JHC,-3.05743,0.095113,-0.086321,-0.011947
dsgdb9nsd_000019,4,2,3JHN,-0.025345,-0.016761,-0.011531,0.001564
dsgdb9nsd_000019,4,5,2JHH,-10.0342,0.345617,2.38803,-2.71977
dsgdb9nsd_000019,4,6,2JHH,-13.9564,0.36435,2.34759,-2.55463
dsgdb9nsd_000019,5,0,1JHC,88.5308,0.202887,0.7981,0.63659
dsgdb9nsd_000019,5,1,2JHC,-4.87677,0.03004,-0.198831,0.012039
dsgdb9nsd_000019,5,2,3JHN,1.66334,0.006496,0.092233,-0.150746
dsgdb9nsd_000019,5,6,2JHH,-13.5199,0.371904,2.34123,-2.61394
dsgdb9nsd_000019,6,0,1JHC,79.3838,0.179442,1.04115,0.64725
dsgdb9nsd_000019,6,1,2JHC,-4.33996,0.136988,0.046106,0.04065
dsgdb9nsd_000019,6,2,3JHN,-0.13478,-0.008025,0.017868,-0.053496
dsgdb9nsd_000019,7,0,3JHC,0.722902,-0.063272,-0.018315,0.014176
dsgdb9nsd_000019,7,1,2JHC,6.71274,-0.049551,-0.663602,-0.539749
dsgdb9nsd_000019,7,2,1JHN,52.0239,0.170052,1.64514,0.224852
dsgdb9nsd_000019,7,8,2JHH,5.02428,0.243114,5.54452,-5.90812
dsgdb9nsd_000019,8,0,3JHC,5.77249,0.035845,0.427378,-0.668407
dsgdb9nsd_000019,8,1,2JHC,-1.72171,-0.121679,-0.699221,-0.499531
dsgdb9nsd_000019,8,2,1JHN,54.3328,0.136183,1.49347,0.223623
dsgdb9nsd_000021,4,0,1JHC,81.6831,0.169001,0.929426,0.658203
dsgdb9nsd_000021,4,1,2JHC,-1.90509,0.092296,0.172294,-0.125158
dsgdb9nsd_000021,4,2,3JHC,2.70072,-0.030649,0.020744,-0.031563
dsgdb9nsd_000021,4,3,3JHC,2.73736,-0.030802,0.020074,-0.030373
dsgdb9nsd_000021,4,5,2JHH,-11.4963,0.369378,2.21737,-2.46367
dsgdb9nsd_000021,4,6,2JHH,-11.4974,0.369432,2.21756,-2.4638
dsgdb9nsd_000021,4,7,3JHH,11.795,0.03625,1.99927,-2.82713
dsgdb9nsd_000021,5,0,1JHC,78.9224,0.170253,0.978072,0.632039
dsgdb9nsd_000021,5,1,2JHC,-1.49752,0.070553,0.145179,-0.146152
dsgdb9nsd_000021,5,2,3JHC,2.03757,-0.030909,0.016939,-0.017252
dsgdb9nsd_000021,5,3,3JHC,9.45512,0.020199,0.305974,-0.463589
dsgdb9nsd_000021,5,6,2JHH,-11.2759,0.363551,2.28098,-2.55863
dsgdb9nsd_000021,5,7,3JHH,2.99996,0.074775,0.390744,-0.427896
dsgdb9nsd_000021,6,0,1JHC,78.8966,0.170376,0.978181,0.631943
dsgdb9nsd_000021,6,1,2JHC,-1.49592,0.070473,0.144891,-0.14625
dsgdb9nsd_000021,6,2,3JHC,9.45435,0.020228,0.305909,-0.463554
dsgdb9nsd_000021,6,3,3JHC,2.00517,-0.030824,0.017597,-0.018438
dsgdb9nsd_000021,6,7,3JHH,3.02895,0.075471,0.386576,-0.421856
dsgdb9nsd_000021,7,0,2JHC,-1.3457,0.072278,0.104757,-0.154629
dsgdb9nsd_000021,7,1,1JHC,75.5314,0.0334,0.677231,0.992515
dsgdb9nsd_000021,7,2,2JHC,-1.34636,0.072176,0.104536,-0.154583
dsgdb9nsd_000021,7,3,2JHC,-1.34482,0.072252,0.1047,-0.154602
dsgdb9nsd_000021,7,8,3JHH,11.8065,0.03619,1.99919,-2.82705
dsgdb9nsd_000021,7,9,3JHH,3.00948,0.074994,0.389358,-0.425913
dsgdb9nsd_000021,7,10,3JHH,3.023,0.075342,0.387323,-0.422921
dsgdb9nsd_000021,7,11,3JHH,3.02174,0.075278,0.387474,-0.423182
dsgdb9nsd_000021,7,12,3JHH,3.00623,0.074962,0.389844,-0.426599
dsgdb9nsd_000021,7,13,3JHH,11.7963,0.036231,1.99912,-2.82693
dsgdb9nsd_000021,8,0,3JHC,2.72632,-0.030817,0.020271,-0.030781
dsgdb9nsd_000021,8,1,2JHC,-1.89967,0.092367,0.172474,-0.125485
dsgdb9nsd_000021,8,2,1JHC,81.6675,0.168932,0.929733,0.658049
dsgdb9nsd_000021,8,3,3JHC,2.70647,-0.030691,0.02067,-0.031477
dsgdb9nsd_000021,8,9,2JHH,-11.5004,0.369414,2.21736,-2.46356
dsgdb9nsd_000021,8,10,2JHH,-11.5021,0.369459,2.21721,-2.4632
dsgdb9nsd_000021,9,0,3JHC,9.45627,0.020215,0.305888,-0.463579
dsgdb9nsd_000021,9,1,2JHC,-1.49908,0.070556,0.144973,-0.146091
dsgdb9nsd_000021,9,2,1JHC,78.9057,0.170136,0.978402,0.631933
dsgdb9nsd_000021,9,3,3JHC,2.0254,-0.030797,0.017208,-0.017753
dsgdb9nsd_000021,9,10,2JHH,-11.2843,0.363647,2.28037,-2.55761
dsgdb9nsd_000021,10,0,3JHC,2.01355,-0.030744,0.017497,-0.018264
dsgdb9nsd_000021,10,1,2JHC,-1.49393,0.070428,0.145062,-0.146273
dsgdb9nsd_000021,10,2,1JHC,78.9272,0.170195,0.978267,0.631908
dsgdb9nsd_000021,10,3,3JHC,9.45217,0.020257,0.305817,-0.463483
dsgdb9nsd_000021,11,0,3JHC,2.01523,-0.030857,0.0173,-0.01798
dsgdb9nsd_000021,11,1,2JHC,-1.49822,0.070381,0.144867,-0.14601
dsgdb9nsd_000021,11,2,3JHC,9.45575,0.020271,0.305847,-0.463475
dsgdb9nsd_000021,11,3,1JHC,78.9189,0.170004,0.978452,0.63186
dsgdb9nsd_000021,11,12,2JHH,-11.2833,0.363663,2.28043,-2.5577
dsgdb9nsd_000021,11,13,2JHH,-11.5079,0.369532,2.21685,-2.46272
dsgdb9nsd_000021,12,0,3JHC,9.45127,0.020188,0.305953,-0.463564
dsgdb9nsd_000021,12,1,2JHC,-1.49248,0.0706,0.145249,-0.146414
dsgdb9nsd_000021,12,2,3JHC,2.02247,-0.030783,0.01744,-0.018046
dsgdb9nsd_000021,12,3,1JHC,78.9212,0.170423,0.978153,0.631804
dsgdb9nsd_000021,12,13,2JHH,-11.4908,0.369319,2.21787,-2.46447
dsgdb9nsd_000021,13,0,3JHC,2.72671,-0.030749,0.020213,-0.030683
dsgdb9nsd_000021,13,1,2JHC,-1.90315,0.092315,0.172272,-0.125187
dsgdb9nsd_000021,13,2,3JHC,2.70791,-0.030698,0.020695,-0.031379
dsgdb9nsd_000021,13,3,1JHC,81.6781,0.168981,0.929557,0.658049
dsgdb9nsd_000023,4,0,3JHC,5.84982,0.094076,0.012098,-0.52199
dsgdb9nsd_000023,4,1,2JHC,13.3888,0.829555,5.05882,-1.20625
dsgdb9nsd_000023,4,2,1JHC,202.083,0.921008,-1.53476,0.414717
dsgdb9nsd_000023,5,0,2JHC,13.3888,0.829555,5.05882,-1.20625
dsgdb9nsd_000023,5,1,3JHC,5.84982,0.094076,0.012098,-0.52199
dsgdb9nsd_000023,5,3,1JHC,202.083,0.921008,-1.53476,0.414717
dsgdb9nsd_000026,4,1,1JHC,131.163,0.40934,-0.496562,0.944138
dsgdb9nsd_000026,4,2,2JHC,28.8191,0.064998,-0.149897,-0.209638
dsgdb9nsd_000026,4,3,3JHC,4.50791,-0.031368,1.04693,-0.467603
dsgdb9nsd_000026,5,1,3JHC,2.99032,0.032067,0.256559,-0.463177
dsgdb9nsd_000026,5,2,2JHC,11.9722,0.868219,5.09636,-1.21239
dsgdb9nsd_000026,5,3,1JHC,199.781,0.90787,-1.39083,0.407161
dsgdb9nsd_000027,4,1,1JHC,144.517,0.505359,-0.500575,0.91783
dsgdb9nsd_000027,4,2,2JHC,35.9797,0.049313,-0.047739,-0.13988
dsgdb9nsd_000027,4,3,3JHN,0.651451,-0.023275,0.492066,-0.150635
dsgdb9nsd_000028,4,1,1JHC,121.276,0.427427,-1.29239,0.97253
dsgdb9nsd_000028,4,2,2JHC,24.6579,-0.054513,0.18064,-0.167729
dsgdb9nsd_000028,4,5,3JHH,9.69341,-0.050772,2.0527,-2.85446
dsgdb9nsd_000028,5,1,2JHC,24.6579,-0.054512,0.180637,-0.167726
dsgdb9nsd_000028,5,2,1JHC,121.276,0.427427,-1.29239,0.97253
dsgdb9nsd_000029,4,0,1JHC,90.5632,0.142215,1.01064,0.545543
dsgdb9nsd_000029,4,1,2JHC,-9.42689,0.181696,0.09162,-0.215011
dsgdb9nsd_000029,4,2,3JHC,4.20375,-0.093878,0.608703,-0.432781
dsgdb9nsd_000029,4,5,2JHH,-14.8478,0.365697,2.49448,-2.78358
dsgdb9nsd_000029,4,6,2JHH,-14.8476,0.365699,2.49449,-2.78359
dsgdb9nsd_000029,5,0,1JHC,90.5637,0.142214,1.01064,0.545543
dsgdb9nsd_000029,5,1,2JHC,-9.42654,0.181697,0.091623,-0.215011
dsgdb9nsd_000029,5,2,3JHC,4.20381,-0.093879,0.608703,-0.432781
dsgdb9nsd_000029,5,6,2JHH,-14.8475,0.3657,2.49449,-2.78359
dsgdb9nsd_000029,6,0,1JHC,90.5635,0.142216,1.01064,0.54554
dsgdb9nsd_000029,6,1,2JHC,-9.427,0.181698,0.091615,-0.215012
dsgdb9nsd_000029,6,2,3JHC,4.20366,-0.093881,0.608718,-0.432785
dsgdb9nsd_000029,7,1,3JHC,4.20382,-0.093876,0.608708,-0.432782
dsgdb9nsd_000029,7,2,2JHC,-9.42677,0.181692,0.091616,-0.215013
dsgdb9nsd_000029,7,3,1JHC,90.5625,0.14222,1.01065,0.545549
dsgdb9nsd_000029,7,8,2JHH,-14.8477,0.3657,2.49448,-2.78357
dsgdb9nsd_000029,7,9,2JHH,-14.8481,0.365701,2.49449,-2.78358
dsgdb9nsd_000029,8,1,3JHC,4.20396,-0.093882,0.608707,-0.432784
dsgdb9nsd_000029,8,2,2JHC,-9.42633,0.181698,0.09162,-0.215012
dsgdb9nsd_000029,8,3,1JHC,90.564,0.142216,1.01065,0.54555
dsgdb9nsd_000029,8,9,2JHH,-14.8479,0.365697,2.49449,-2.78358
dsgdb9nsd_000029,9,1,3JHC,4.20403,-0.093875,0.608709,-0.432783
dsgdb9nsd_000029,9,2,2JHC,-9.4273,0.181695,0.091615,-0.215012
dsgdb9nsd_000029,9,3,1JHC,90.5635,0.142219,1.01064,0.545548
dsgdb9nsd_000030,4,0,1JHC,84.2048,0.202033,0.879196,0.566404
dsgdb9nsd_000030,4,1,2JHC,-2.21795,0.062992,0.238272,-0.216803
dsgdb9nsd_000030,4,2,3JHC,2.37042,-0.051977,0.022171,0.036071
dsgdb9nsd_000030,4,5,2JHH,-11.6786,0.38901,2.36512,-2.68041
dsgdb9nsd_000030,4,6,2JHH,-11.0422,0.372529,2.42627,-2.78315
dsgdb9nsd_000030,4,7,3JHH,3.58735,0.060034,0.59133,-0.686663
dsgdb9nsd_000030,4,8,3JHH,13.0907,0.038653,2.12854,-2.92522
dsgdb9nsd_000030,5,0,1JHC,84.2039,0.202034,0.879196,0.566403
dsgdb9nsd_000030,5,1,2JHC,-2.21791,0.062998,0.238264,-0.216796
dsgdb9nsd_000030,5,2,3JHC,2.37012,-0.051988,0.022198,0.036046
dsgdb9nsd_000030,5,6,2JHH,-11.0421,0.372529,2.42628,-2.78315
dsgdb9nsd_000030,5,7,3JHH,13.0908,0.038658,2.12855,-2.92525
dsgdb9nsd_000030,5,8,3JHH,3.58768,0.060034,0.591328,-0.686661
dsgdb9nsd_000030,6,0,1JHC,80.9296,0.1776,0.993552,0.548326
dsgdb9nsd_000030,6,1,2JHC,-1.86189,0.061197,0.227324,-0.217027
dsgdb9nsd_000030,6,2,3JHC,10.902,0.069506,0.324125,-0.419218
dsgdb9nsd_000030,6,7,3JHH,3.24211,0.069799,0.536639,-0.58821
dsgdb9nsd_000030,6,8,3JHH,3.24136,0.069791,0.536666,-0.588251
dsgdb9nsd_000030,7,0,2JHC,-3.55717,0.065575,0.262401,-0.245186
dsgdb9nsd_000030,7,1,1JHC,88.0634,0.074932,0.816736,0.767253
dsgdb9nsd_000030,7,2,2JHC,-9.07145,0.195942,0.014236,-0.133674
dsgdb9nsd_000030,7,3,3JHC,4.14346,-0.096777,0.651457,-0.469136
dsgdb9nsd_000030,7,8,2JHH,-15.8422,0.376986,2.12898,-2.24656
dsgdb9nsd_000030,8,0,2JHC,-3.55637,0.065571,0.262403,-0.245197
dsgdb9nsd_000030,8,1,1JHC,88.0648,0.074935,0.816689,0.76725
dsgdb9nsd_000030,8,2,2JHC,-9.06937,0.195878,0.014306,-0.133707
dsgdb9nsd_000030,8,3,3JHC,4.14302,-0.096735,0.651248,-0.469081
dsgdb9nsd_000030,9,1,3JHC,2.32204,0.084333,0.416755,-0.503429
dsgdb9nsd_000030,9,2,2JHC,14.1154,0.948468,5.21204,-1.21922
dsgdb9nsd_000030,9,3,1JHC,197.12,0.845023,-0.643514,0.464418
dsgdb9nsd_000031,4,0,1JHC,85.5502,0.208783,0.84845,0.560766
dsgdb9nsd_000031,4,1,2JHC,-2.49587,0.057684,0.229953,-0.219272
dsgdb9nsd_000031,4,2,3JHC,2.34385,-0.048348,-0.014251,0.072203
dsgdb9nsd_000031,4,5,2JHH,-11.6767,0.39129,2.37357,-2.71526
dsgdb9nsd_000031,4,6,2JHH,-11.4119,0.377757,2.42939,-2.8055
dsgdb9nsd_000031,4,7,3JHH,3.48416,0.058188,0.588956,-0.691589
dsgdb9nsd_000031,4,8,3JHH,13.2832,0.037111,2.12835,-2.93199
dsgdb9nsd_000031,5,0,1JHC,85.5559,0.208857,0.84835,0.560737
dsgdb9nsd_000031,5,1,2JHC,-2.49222,0.057708,0.229983,-0.219322
dsgdb9nsd_000031,5,2,3JHC,2.34111,-0.048442,-0.013945,0.07182
dsgdb9nsd_000031,5,6,2JHH,-11.4108,0.377771,2.42944,-2.80552
dsgdb9nsd_000031,5,7,3JHH,13.2906,0.037148,2.12843,-2.93209
dsgdb9nsd_000031,5,8,3JHH,3.48682,0.058144,0.589173,-0.691929
dsgdb9nsd_000031,6,0,1JHC,82.2805,0.186716,0.946765,0.543343
dsgdb9nsd_000031,6,1,2JHC,-1.38393,0.065951,0.238974,-0.207057
dsgdb9nsd_000031,6,2,3JHC,10.9924,0.064781,0.323187,-0.39148
dsgdb9nsd_000031,6,7,3JHH,3.44158,0.066959,0.55366,-0.621132
dsgdb9nsd_000031,6,8,3JHH,3.43305,0.066958,0.553337,-0.620699
dsgdb9nsd_000031,7,0,2JHC,-3.34786,0.060376,0.281238,-0.257195
dsgdb9nsd_000031,7,1,1JHC,87.539,0.108924,0.758939,0.756823
dsgdb9nsd_000031,7,2,2JHC,-7.44252,0.172716,-0.007448,-0.059125
dsgdb9nsd_000031,7,3,3JHN,0.787952,-0.028243,0.235448,-0.152019
dsgdb9nsd_000031,7,8,2JHH,-15.5935,0.38108,2.15913,-2.32848
dsgdb9nsd_000031,8,0,2JHC,-3.34532,0.060331,0.28101,-0.25711
dsgdb9nsd_000031,8,1,1JHC,87.6073,0.109155,0.758104,0.756784
dsgdb9nsd_000031,8,2,2JHC,-7.40707,0.171963,-0.006543,-0.059961
dsgdb9nsd_000031,8,3,3JHN,0.788283,-0.02809,0.234235,-0.151865
dsgdb9nsd_000032,4,0,1JHN,35.8186,0.052713,1.68146,0.166217
dsgdb9nsd_000032,4,1,2JHC,-0.101379,0.072248,0.438716,-0.396759
dsgdb9nsd_000032,4,2,3JHC,11.3189,0.07772,0.436582,-0.541569
dsgdb9nsd_000032,4,5,2JHH,-10.0301,0.53885,4.6453,-4.49066
dsgdb9nsd_000032,4,6,3JHH,1.86055,0.037964,0.921412,-1.07871
dsgdb9nsd_000032,4,7,3JHH,2.95902,0.077021,0.735482,-0.72631
dsgdb9nsd_000032,5,0,1JHN,36.521,0.045788,1.6114,0.171265
dsgdb9nsd_000032,5,1,2JHC,-1.50169,0.048732,0.420795,-0.406563
dsgdb9nsd_000032,5,2,3JHC,1.14079,-0.045182,0.013844,0.039839
dsgdb9nsd_000032,5,6,3JHH,2.83573,0.054201,0.817801,-0.958544
dsgdb9nsd_000032,5,7,3JHH,14.4799,0.043069,2.82525,-3.78246
dsgdb9nsd_000032,6,0,2JHN,0.633008,-0.024037,0.140472,-0.115638
dsgdb9nsd_000032,6,1,1JHC,91.9382,0.075257,0.452488,0.816472
dsgdb9nsd_000032,6,2,2JHC,-5.06028,0.158262,-0.016015,-0.029727
dsgdb9nsd_000032,6,3,3JHN,0.729971,-0.01661,0.246704,-0.1467
dsgdb9nsd_000032,6,7,2JHH,-14.9501,0.408926,2.03863,-2.24008
dsgdb9nsd_000032,7,0,2JHN,1.26222,-0.005353,0.196939,-0.075503
dsgdb9nsd_000032,7,1,1JHC,93.9488,0.080384,0.380761,0.815004
dsgdb9nsd_000032,7,2,2JHC,-8.81062,0.178591,0.011147,-0.038333
dsgdb9nsd_000032,7,3,3JHN,0.766189,-0.017169,0.261257,-0.151022
dsgdb9nsd_000033,4,1,2JHC,-0.915908,0.022585,0.686271,-0.565903
dsgdb9nsd_000033,4,2,3JHC,9.51713,0.103299,0.564792,-0.732287
dsgdb9nsd_000033,4,5,3JHH,1.51443,0.044014,0.989097,-0.987027
dsgdb9nsd_000033,4,6,3JHH,1.51962,0.044237,0.988027,-0.985476
dsgdb9nsd_000033,5,1,1JHC,95.7544,0.047468,0.181969,0.88138
dsgdb9nsd_000033,5,2,2JHC,-8.61841,0.173027,-0.018025,-0.104805
dsgdb9nsd_000033,5,3,3JHC,3.81584,-0.055373,0.678493,-0.455968
dsgdb9nsd_000033,5,6,2JHH,-13.0897,0.424369,1.9896,-2.18084
dsgdb9nsd_000033,6,1,1JHC,95.7503,0.047456,0.182024,0.881385
dsgdb9nsd_000033,6,2,2JHC,-8.62026,0.173032,-0.018012,-0.104803
dsgdb9nsd_000033,6,3,3JHC,3.81573,-0.055383,0.678474,-0.455964
dsgdb9nsd_000033,7,1,3JHC,2.49734,0.069951,0.324261,-0.486473
dsgdb9nsd_000033,7,2,2JHC,14.1706,0.940665,5.25848,-1.21206
dsgdb9nsd_000033,7,3,1JHC,198.462,0.857415,-0.789755,0.455385
dsgdb9nsd_000034,4,1,2JHC,-0.413393,0.040023,0.719519,-0.586088
dsgdb9nsd_000034,4,2,3JHC,10.2688,0.097855,0.577567,-0.70708
dsgdb9nsd_000034,4,5,3JHH,1.63117,0.037503,1.06979,-1.11089
dsgdb9nsd_000034,4,6,3JHH,1.65023,0.03824,1.06628,-1.1058
dsgdb9nsd_000034,5,1,1JHC,95.3531,0.092574,0.139011,0.87368
dsgdb9nsd_000034,5,2,2JHC,-6.87395,0.156989,-0.012297,-0.026506
dsgdb9nsd_000034,5,3,3JHN,0.735393,-0.00792,0.266462,-0.147065
dsgdb9nsd_000034,5,6,2JHH,-12.8539,0.429505,2.01845,-2.25155
dsgdb9nsd_000034,6,1,1JHC,95.3386,0.092517,0.1392,0.873695
dsgdb9nsd_000034,6,2,2JHC,-6.88066,0.157015,-0.012285,-0.026488
dsgdb9nsd_000034,6,3,3JHN,0.735445,-0.007934,0.266452,-0.147066
dsgdb9nsd_000037,4,0,1JHC,88.601,0.207576,0.143418,0.664891
dsgdb9nsd_000037,4,2,3JHC,4.4423,0.00647,0.193614,-0.405672
dsgdb9nsd_000037,4,5,2JHH,-9.99035,0.43244,2.19126,-2.6274
dsgdb9nsd_000037,4,6,2JHH,-8.7205,0.450329,2.2982,-2.77389
dsgdb9nsd_000037,5,0,1JHC,93.8833,0.173914,0.190396,0.717529
dsgdb9nsd_000037,5,2,3JHC,10.925,-0.040466,-0.33239,0.208077
dsgdb9nsd_000037,5,6,2JHH,-9.99145,0.432445,2.19126,-2.62745
dsgdb9nsd_000037,6,0,1JHC,88.6005,0.207589,0.143394,0.664882
dsgdb9nsd_000037,6,2,3JHC,4.45048,0.0065,0.19381,-0.40588
dsgdb9nsd_000037,7,0,3JHC,3.83138,-0.057557,-0.06762,0.078063
dsgdb9nsd_000037,7,2,1JHC,125.31,0.333907,-0.550873,1.26769
dsgdb9nsd_000038,4,1,2JHC,-0.740708,0.005468,0.589074,-0.581339
dsgdb9nsd_000038,4,2,3JHC,-0.637635,-0.031382,-0.109841,-0.028281
dsgdb9nsd_000038,4,5,3JHH,3.09175,0.088578,0.800712,-0.780526
dsgdb9nsd_000038,4,6,3JHH,14.472,0.071754,3.5395,-4.60955
dsgdb9nsd_000038,5,1,1JHC,92.5103,0.112108,0.100101,0.930787
dsgdb9nsd_000038,5,2,2JHC,-1.86514,0.074218,-0.085295,-0.065874
dsgdb9nsd_000038,5,6,2JHH,-16.8034,0.424623,1.86285,-2.05354
dsgdb9nsd_000038,5,7,3JHH,3.7853,-0.019072,1.86721,-2.63388
dsgdb9nsd_000038,6,1,1JHC,88.4993,0.072274,0.106789,0.927221
dsgdb9nsd_000038,6,2,2JHC,-4.20508,0.171371,0.057741,0.001584
dsgdb9nsd_000038,6,7,3JHH,0.037174,0.011302,1.19897,-1.51686
dsgdb9nsd_000038,7,1,2JHC,25.239,0.042566,-0.110157,-0.159912
dsgdb9nsd_000038,7,2,1JHC,114.409,0.367071,-1.12048,1.02393
dsgdb9nsd_000039,4,0,1JHC,82.532,0.173544,0.994307,0.595028
dsgdb9nsd_000039,4,1,2JHC,-2.10379,0.083924,0.221476,-0.207296
dsgdb9nsd_000039,4,2,3JHC,2.39584,-0.031165,0.010734,-0.003652
dsgdb9nsd_000039,4,5,2JHH,-11.4939,0.370397,2.3002,-2.56709
dsgdb9nsd_000039,4,6,2JHH,-11.6404,0.368079,2.3601,-2.66109
dsgdb9nsd_000039,4,7,3JHH,3.46165,0.066864,0.518394,-0.618909
dsgdb9nsd_000039,4,8,3JHH,13.162,0.03134,2.0235,-2.86636
dsgdb9nsd_000039,5,0,1JHC,82.5429,0.173485,0.99425,0.595096
dsgdb9nsd_000039,5,1,2JHC,-2.10633,0.084032,0.221761,-0.207261
dsgdb9nsd_000039,5,2,3JHC,2.42118,-0.031249,0.010338,-0.002871
dsgdb9nsd_000039,5,6,2JHH,-11.6414,0.368081,2.35988,-2.66082
dsgdb9nsd_000039,5,7,3JHH,13.1635,0.031386,2.02364,-2.86652
dsgdb9nsd_000039,5,8,3JHH,3.43654,0.066355,0.521506,-0.623443
dsgdb9nsd_000039,6,0,1JHC,79.3987,0.173467,1.04651,0.566663
dsgdb9nsd_000039,6,1,2JHC,-1.79609,0.066726,0.204224,-0.229281
dsgdb9nsd_000039,6,2,3JHC,10.1917,0.024487,0.278889,-0.426829
dsgdb9nsd_000039,6,7,3JHH,2.95652,0.072445,0.472075,-0.557625
dsgdb9nsd_000039,6,8,3JHH,2.97898,0.072986,0.469235,-0.553466
dsgdb9nsd_000039,7,0,2JHC,-1.88446,0.072928,0.186129,-0.223917
dsgdb9nsd_000039,7,1,1JHC,79.5051,0.105065,0.803454,0.82485
dsgdb9nsd_000039,7,2,2JHC,-1.6921,0.082448,0.132713,-0.138993
dsgdb9nsd_000039,7,3,3JHC,2.29952,-0.031356,0.016733,-0.00698
dsgdb9nsd_000039,7,8,2JHH,-12.124,0.379896,1.92662,-2.01178
dsgdb9nsd_000039,7,9,3JHH,11.8673,0.038474,2.00138,-2.83389
dsgdb9nsd_000039,7,10,3JHH,3.54592,0.07256,0.448686,-0.496873
dsgdb9nsd_000039,8,0,2JHC,-1.88475,0.072932,0.186128,-0.223971
dsgdb9nsd_000039,8,1,1JHC,79.5034,0.105122,0.803449,0.824828
dsgdb9nsd_000039,8,2,2JHC,-1.69086,0.082411,0.132662,-0.139068
dsgdb9nsd_000039,8,3,3JHC,2.29936,-0.031413,0.016711,-0.006947
dsgdb9nsd_000039,8,9,3JHH,3.54601,0.072563,0.448674,-0.496854
dsgdb9nsd_000039,8,10,3JHH,11.8754,0.038457,2.00138,-2.83389
dsgdb9nsd_000039,9,0,3JHC,2.29947,-0.031355,0.016734,-0.006982
dsgdb9nsd_000039,9,1,2JHC,-1.69211,0.082447,0.13271,-0.138992
dsgdb9nsd_000039,9,2,1JHC,79.5053,0.105067,0.80345,0.82485
dsgdb9nsd_000039,9,3,2JHC,-1.88445,0.072927,0.186129,-0.223917
dsgdb9nsd_000039,9,10,2JHH,-12.124,0.379896,1.92662,-2.01179
dsgdb9nsd_000039,9,11,3JHH,13.1635,0.031386,2.02363,-2.86651
dsgdb9nsd_000039,9,12,3JHH,3.46118,0.066854,0.518448,-0.618988
dsgdb9nsd_000039,9,13,3JHH,2.95695,0.072456,0.472015,-0.557537
dsgdb9nsd_000039,10,0,3JHC,2.29949,-0.031415,0.016707,-0.006941
dsgdb9nsd_000039,10,1,2JHC,-1.6909,0.082411,0.132664,-0.139067
dsgdb9nsd_000039,10,2,1JHC,79.5033,0.105121,0.803448,0.824829
dsgdb9nsd_000039,10,3,2JHC,-1.88478,0.072932,0.186127,-0.223969
dsgdb9nsd_000039,10,11,3JHH,3.43699,0.066364,0.521448,-0.623358
dsgdb9nsd_000039,10,12,3JHH,13.1621,0.031341,2.0235,-2.86637
dsgdb9nsd_000039,10,13,3JHH,2.97859,0.072976,0.469281,-0.553532
dsgdb9nsd_000039,11,1,3JHC,2.42066,-0.031247,0.010347,-0.002888
dsgdb9nsd_000039,11,2,2JHC,-2.10628,0.08403,0.221756,-0.207263
dsgdb9nsd_000039,11,3,1JHC,82.5427,0.173488,0.99425,0.595094
dsgdb9nsd_000039,11,12,2JHH,-11.4938,0.370397,2.30021,-2.5671
dsgdb9nsd_000039,11,13,2JHH,-11.6413,0.36808,2.35989,-2.66083
dsgdb9nsd_000039,12,1,3JHC,2.39629,-0.031167,0.010728,-0.003638
dsgdb9nsd_000039,12,2,2JHC,-2.10383,0.083926,0.22148,-0.207295
dsgdb9nsd_000039,12,3,1JHC,82.5322,0.173543,0.994306,0.595029
dsgdb9nsd_000039,12,13,2JHH,-11.6404,0.368078,2.3601,-2.66109
dsgdb9nsd_000039,13,1,3JHC,10.1917,0.024487,0.278888,-0.426828
dsgdb9nsd_000039,13,2,2JHC,-1.79614,0.066725,0.204222,-0.229278
dsgdb9nsd_000039,13,3,1JHC,79.3988,0.173466,1.04651,0.566663
dsgdb9nsd_000040,4,0,1JHC,80.5269,0.181835,1.02954,0.568692
dsgdb9nsd_000040,4,1,2JHC,-1.89743,0.068801,0.197126,-0.208854
dsgdb9nsd_000040,4,2,3JHC,12.2123,0.032509,0.297457,-0.40679
dsgdb9nsd_000040,4,5,2JHH,-11.905,0.371344,2.35073,-2.65386
dsgdb9nsd_000040,4,6,2JHH,-11.9049,0.371341,2.35074,-2.65389
dsgdb9nsd_000040,4,7,3JHH,3.25052,0.071093,0.477579,-0.566725
dsgdb9nsd_000040,4,8,3JHH,3.2508,0.071085,0.477607,-0.566768
dsgdb9nsd_000040,5,0,1JHC,81.8063,0.17661,1.01044,0.597933
dsgdb9nsd_000040,5,1,2JHC,-2.1426,0.076907,0.223358,-0.199645
dsgdb9nsd_000040,5,2,3JHC,2.54349,-0.02256,-0.003405,0.037233
dsgdb9nsd_000040,5,6,2JHH,-11.3176,0.369721,2.29848,-2.56775
dsgdb9nsd_000040,5,7,3JHH,3.35666,0.064638,0.508211,-0.610102
dsgdb9nsd_000040,5,8,3JHH,13.6063,0.031446,2.02502,-2.85682
dsgdb9nsd_000040,6,0,1JHC,81.8073,0.176619,1.01041,0.597931
dsgdb9nsd_000040,6,1,2JHC,-2.14282,0.07691,0.223366,-0.199643
dsgdb9nsd_000040,6,2,3JHC,2.54341,-0.022562,-0.003442,0.037224
dsgdb9nsd_000040,6,7,3JHH,13.6056,0.031443,2.02503,-2.85684
dsgdb9nsd_000040,6,8,3JHH,3.35694,0.064649,0.508133,-0.609983
dsgdb9nsd_000040,7,0,2JHC,-2.12969,0.067142,0.20438,-0.228323
dsgdb9nsd_000040,7,1,1JHC,81.7466,0.116174,0.719766,0.855804
dsgdb9nsd_000040,7,2,2JHC,-4.15642,0.087341,0.001103,-0.092815
dsgdb9nsd_000040,7,8,2JHH,-11.7687,0.377606,1.91189,-2.01155
dsgdb9nsd_000040,7,9,3JHH,10.9846,0.043224,2.01065,-2.87522
dsgdb9nsd_000040,7,10,3JHH,4.30912,0.085314,0.38306,-0.421437
dsgdb9nsd_000040,8,0,2JHC,-2.13082,0.067144,0.204368,-0.22831
dsgdb9nsd_000040,8,1,1JHC,81.748,0.116157,0.719763,0.855813
dsgdb9nsd_000040,8,2,2JHC,-4.15717,0.087376,0.001135,-0.092797
dsgdb9nsd_000040,8,9,3JHH,4.30734,0.085279,0.383352,-0.421855
dsgdb9nsd_000040,8,10,3JHH,10.9856,0.043229,2.01064,-2.87523
dsgdb9nsd_000040,9,0,3JHC,1.29743,-0.035123,0.019774,0.000228
dsgdb9nsd_000040,9,1,2JHC,-0.604948,0.073266,0.054205,-0.130787
dsgdb9nsd_000040,9,2,1JHC,85.6047,0.064388,0.105513,0.942735
dsgdb9nsd_000040,9,10,2JHH,-6.57399,0.418982,1.76685,-1.96451
dsgdb9nsd_000040,9,11,3JHH,1.27998,0.050498,0.911851,-0.960292
dsgdb9nsd_000040,10,0,3JHC,1.29617,-0.035112,0.01983,0.000137
dsgdb9nsd_000040,10,1,2JHC,-0.608831,0.07327,0.054205,-0.130794
dsgdb9nsd_000040,10,2,1JHC,85.5952,0.064372,0.105721,0.942739
dsgdb9nsd_000040,10,11,3JHH,1.29302,0.051131,0.908789,-0.955838
dsgdb9nsd_000040,11,1,3JHC,8.032,0.041483,0.544739,-0.74594
dsgdb9nsd_000040,11,2,2JHC,-1.02186,0.032381,0.62602,-0.582117
dsgdb9nsd_000044,4,0,1JHC,84.3721,0.168857,0.865754,0.662306
dsgdb9nsd_000044,4,1,2JHC,-5.27589,0.089998,0.076648,-0.105508
dsgdb9nsd_000044,4,2,3JHC,3.50579,-0.065118,0.03157,0.01089
dsgdb9nsd_000044,4,5,2JHH,-11.7356,0.351369,2.31069,-2.62105
dsgdb9nsd_000044,4,6,2JHH,-11.5757,0.360978,2.27394,-2.55217
dsgdb9nsd_000044,4,7,3JHH,10.337,0.004639,2.079,-2.94379
dsgdb9nsd_000044,5,0,1JHC,78.3841,0.159771,1.01587,0.616426
dsgdb9nsd_000044,5,1,2JHC,0.826103,0.118928,0.053331,-0.079151
dsgdb9nsd_000044,5,2,3JHC,0.481294,0.03795,0.140155,-0.237719
dsgdb9nsd_000044,5,6,2JHH,-12.6381,0.366063,2.37025,-2.64708
dsgdb9nsd_000044,5,7,3JHH,0.961592,0.068152,0.56244,-0.652149
dsgdb9nsd_000044,6,0,1JHC,83.1495,0.169982,0.939665,0.62269
dsgdb9nsd_000044,6,1,2JHC,-4.43869,0.093547,-0.011757,-0.089813
dsgdb9nsd_000044,6,2,3JHC,9.21318,-0.012971,0.302475,-0.508285
dsgdb9nsd_000044,6,7,3JHH,2.39478,0.065307,0.586193,-0.716062
dsgdb9nsd_000044,7,0,2JHC,8.66054,0.053011,0.130195,-0.283262
dsgdb9nsd_000044,7,1,1JHC,107.601,0.223838,0.005761,1.07871
dsgdb9nsd_000044,7,2,2JHC,0.128985,-0.111835,0.286445,-0.348891
dsgdb9nsd_000044,7,8,3JHH,1.97762,0.091439,0.394466,-0.410481
dsgdb9nsd_000044,7,9,3JHH,1.1836,0.019585,2.23284,-3.05249
dsgdb9nsd_000044,8,0,3JHC,0.939503,0.021435,0.343338,-0.495174
dsgdb9nsd_000044,8,1,2JHC,0.160087,-0.131812,0.313913,-0.356759
dsgdb9nsd_000044,8,2,1JHC,110.031,0.296002,0.076751,0.869042
dsgdb9nsd_000044,8,9,2JHH,6.86064,0.347659,2.46278,-2.99268
dsgdb9nsd_000044,9,0,3JHC,2.37878,-0.036619,0.03145,-0.031825
dsgdb9nsd_000044,9,1,2JHC,-0.799963,-0.107514,0.313616,-0.335327
dsgdb9nsd_000044,9,2,1JHC,111.244,0.284053,0.042877,0.896832
dsgdb9nsd_000046,4,1,2JHC,-1.59523,0.093102,0.651025,-0.506014
dsgdb9nsd_000046,4,2,3JHC,1.04547,-0.081822,0.088297,-0.015066
dsgdb9nsd_000046,4,3,3JHC,1.04847,-0.081846,0.08819,-0.014897
dsgdb9nsd_000046,4,5,3JHH,14.5469,0.030115,3.52187,-4.63408
dsgdb9nsd_000046,5,1,1JHC,116.18,0.267354,-0.031824,1.10678
dsgdb9nsd_000046,5,2,2JHC,1.37409,-0.014289,0.207997,-0.327788
dsgdb9nsd_000046,5,3,2JHC,1.37327,-0.014292,0.208006,-0.327789
dsgdb9nsd_000046,5,6,3JHH,5.27997,0.096578,0.375409,-0.363089
dsgdb9nsd_000046,5,7,3JHH,2.87642,0.011432,2.03986,-2.83653
dsgdb9nsd_000046,5,8,3JHH,2.87626,0.011432,2.03987,-2.83653
dsgdb9nsd_000046,5,9,3JHH,5.28034,0.09658,0.375415,-0.363104
dsgdb9nsd_000046,6,1,2JHC,0.783712,-0.065974,0.252587,-0.269388
dsgdb9nsd_000046,6,2,1JHC,102.084,0.342921,0.764094,0.774934
dsgdb9nsd_000046,6,3,2JHC,-1.93307,-0.02838,0.529705,-0.369456
dsgdb9nsd_000046,6,7,2JHH,-5.10498,0.287023,2.61845,-3.00039
dsgdb9nsd_000046,6,8,3JHH,5.48604,-0.000441,2.07738,-2.77297
dsgdb9nsd_000046,6,9,3JHH,8.64414,0.119924,0.561014,-0.556525
dsgdb9nsd_000046,7,1,2JHC,-2.84748,-0.017027,0.215944,-0.252036
dsgdb9nsd_000046,7,2,1JHC,104.509,0.327726,0.805136,0.816157
dsgdb9nsd_000046,7,3,2JHC,-1.39162,-0.052477,0.439003,-0.333873
dsgdb9nsd_000046,7,8,3JHH,9.15914,0.113718,0.381366,-0.305481
dsgdb9nsd_000046,7,9,3JHH,5.48605,-0.000442,2.07739,-2.77298
dsgdb9nsd_000046,8,1,2JHC,-2.8473,-0.017024,0.215953,-0.252041
dsgdb9nsd_000046,8,2,2JHC,-1.39167,-0.052476,0.439019,-0.333873
dsgdb9nsd_000046,8,3,1JHC,104.508,0.327714,0.805189,0.816164
dsgdb9nsd_000046,8,9,2JHH,-5.10554,0.287028,2.61843,-3.00033
dsgdb9nsd_000046,9,1,2JHC,0.783627,-0.065964,0.252596,-0.269392
dsgdb9nsd_000046,9,2,2JHC,-1.9331,-0.028376,0.529713,-0.369457
dsgdb9nsd_000046,9,3,1JHC,102.084,0.342919,0.764075,0.774934
dsgdb9nsd_000047,4,0,1JHC,85.3929,0.182562,0.687974,0.793032
dsgdb9nsd_000047,4,1,2JHC,-2.47727,0.102032,0.352341,-0.192878
dsgdb9nsd_000047,4,2,3JHC,0.894707,-0.055809,0.156097,-0.210797
dsgdb9nsd_000047,4,3,2JHC,-2.47713,0.102032,0.352344,-0.192882
dsgdb9nsd_000047,4,5,2JHH,-9.82157,0.377349,2.22044,-2.43864
dsgdb9nsd_000047,4,6,3JHH,9.37825,0.038453,1.94641,-2.69836
dsgdb9nsd_000047,4,7,3JHH,6.95429,0.146322,0.281408,-0.221062
dsgdb9nsd_000047,4,10,3JHH,6.95429,0.146321,0.28141,-0.221066
dsgdb9nsd_000047,4,11,3JHH,9.37826,0.038453,1.94641,-2.69836
dsgdb9nsd_000047,5,0,1JHC,80.2105,0.241008,0.675093,0.758208
dsgdb9nsd_000047,5,1,2JHC,-1.76303,0.127103,0.369357,-0.278875
dsgdb9nsd_000047,5,2,3JHC,9.84358,-0.049506,0.307632,-0.531796
dsgdb9nsd_000047,5,3,2JHC,-1.76294,0.127102,0.369361,-0.278879
dsgdb9nsd_000047,5,6,3JHH,6.9543,0.146322,0.281404,-0.221057
dsgdb9nsd_000047,5,7,3JHH,1.21974,-0.024449,1.37609,-1.85804
dsgdb9nsd_000047,5,10,3JHH,1.21974,-0.024449,1.37609,-1.85804
dsgdb9nsd_000047,5,11,3JHH,6.9543,0.146323,0.281401,-0.221052
dsgdb9nsd_000047,6,0,2JHC,-2.47714,0.102031,0.352343,-0.192881
dsgdb9nsd_000047,6,1,1JHC,85.3929,0.182562,0.687975,0.793033
dsgdb9nsd_000047,6,2,2JHC,-2.47728,0.102031,0.35234,-0.192877
dsgdb9nsd_000047,6,3,3JHC,0.894714,-0.055809,0.156096,-0.210796
dsgdb9nsd_000047,6,7,2JHH,-9.82162,0.377349,2.22043,-2.43864
dsgdb9nsd_000047,6,8,3JHH,6.9543,0.146323,0.281401,-0.221052
dsgdb9nsd_000047,6,9,3JHH,9.37826,0.038453,1.94641,-2.69836
dsgdb9nsd_000047,7,0,2JHC,-1.76293,0.127102,0.369362,-0.27888
dsgdb9nsd_000047,7,1,1JHC,80.2106,0.241008,0.675094,0.758208
dsgdb9nsd_000047,7,2,2JHC,-1.76302,0.127104,0.369358,-0.278876
dsgdb9nsd_000047,7,3,3JHC,9.84357,-0.049507,0.307633,-0.531797
dsgdb9nsd_000047,7,8,3JHH,1.21974,-0.024449,1.37609,-1.85804
dsgdb9nsd_000047,7,9,3JHH,6.95429,0.146321,0.28141,-0.221066
dsgdb9nsd_000047,8,0,3JHC,9.84358,-0.049506,0.307632,-0.531796
dsgdb9nsd_000047,8,1,2JHC,-1.76294,0.127102,0.369361,-0.278879
dsgdb9nsd_000047,8,2,1JHC,80.2105,0.241008,0.675093,0.758208
dsgdb9nsd_000047,8,3,2JHC,-1.76303,0.127103,0.369357,-0.278875
dsgdb9nsd_000047,8,9,2JHH,-9.82157,0.377349,2.22044,-2.43864
dsgdb9nsd_000047,8,10,3JHH,1.21974,-0.024449,1.37609,-1.85804
dsgdb9nsd_000047,8,11,3JHH,6.9543,0.146322,0.281404,-0.221057
dsgdb9nsd_000047,9,0,3JHC,0.894707,-0.055809,0.156097,-0.210797
dsgdb9nsd_000047,9,1,2JHC,-2.47713,0.102032,0.352344,-0.192882
dsgdb9nsd_000047,9,2,1JHC,85.3929,0.182562,0.687974,0.793032
dsgdb9nsd_000047,9,3,2JHC,-2.47727,0.102032,0.352341,-0.192878
dsgdb9nsd_000047,9,10,3JHH,6.95429,0.146322,0.281408,-0.221062
dsgdb9nsd_000047,9,11,3JHH,9.37825,0.038453,1.94641,-2.69836
dsgdb9nsd_000047,10,0,2JHC,-1.76302,0.127104,0.369358,-0.278876
dsgdb9nsd_000047,10,1,3JHC,9.84357,-0.049507,0.307633,-0.531797
dsgdb9nsd_000047,10,2,2JHC,-1.76293,0.127102,0.369362,-0.27888
dsgdb9nsd_000047,10,3,1JHC,80.2106,0.241008,0.675094,0.758208
dsgdb9nsd_000047,10,11,2JHH,-9.82162,0.377349,2.22043,-2.43864
dsgdb9nsd_000047,11,0,2JHC,-2.47728,0.102031,0.35234,-0.192877
dsgdb9nsd_000047,11,1,3JHC,0.894714,-0.055809,0.156096,-0.210796
dsgdb9nsd_000047,11,2,2JHC,-2.47714,0.102031,0.352343,-0.192881
dsgdb9nsd_000047,11,3,1JHC,85.3929,0.182562,0.687975,0.793033
dsgdb9nsd_000049,5,0,1JHC,86.349,0.17557,0.890895,0.711628
dsgdb9nsd_000049,5,1,2JHC,-6.23252,0.141859,0.04478,-0.013393
dsgdb9nsd_000049,5,2,3JHC,2.6017,0.010436,0.208624,-0.324877
dsgdb9nsd_000049,5,3,3JHN,1.3081,-0.031456,-0.116248,-0.052655
dsgdb9nsd_000049,5,6,2JHH,-18.0691,0.39349,2.04569,-2.17065
dsgdb9nsd_000049,5,7,2JHH,-10.9426,0.345468,2.26733,-2.52785
dsgdb9nsd_000049,6,0,1JHC,87.0955,0.177605,0.874454,0.713786
dsgdb9nsd_000049,6,1,2JHC,-6.17283,0.136422,0.031472,-0.01485
dsgdb9nsd_000049,6,2,3JHC,2.90885,0.012394,0.218058,-0.339452
dsgdb9nsd_000049,6,3,3JHN,1.2489,-0.039016,-0.130435,-0.049293
dsgdb9nsd_000049,6,7,2JHH,-10.5878,0.343584,2.26888,-2.53722
dsgdb9nsd_000049,7,0,1JHC,80.5088,0.154832,1.00179,0.677043
dsgdb9nsd_000049,7,1,2JHC,-1.2439,0.115974,-0.190141,-0.036059
dsgdb9nsd_000049,7,2,3JHC,4.86742,-0.049215,-0.054795,0.088133
dsgdb9nsd_000049,7,3,3JHN,0.43084,-0.005089,0.062074,-0.15617
dsgdb9nsd_000049,8,0,3JHC,1.57433,-0.029992,0.021756,-0.050303
dsgdb9nsd_000049,8,1,2JHC,-5.32729,0.132225,-0.019026,-0.031177
dsgdb9nsd_000049,8,2,1JHC,84.1129,0.150745,0.968403,0.653278
dsgdb9nsd_000049,8,3,3JHN,2.57228,-0.028164,-0.017408,-0.102717
dsgdb9nsd_000049,8,9,2JHH,-11.2919,0.350433,2.30267,-2.61313
dsgdb9nsd_000049,8,10,2JHH,-16.4817,0.377247,2.24847,-2.43132
dsgdb9nsd_000049,9,0,3JHC,6.93028,0.03516,0.28844,-0.460932
dsgdb9nsd_000049,9,1,2JHC,-4.44715,0.023409,-0.206194,-0.089547
dsgdb9nsd_000049,9,2,1JHC,84.1848,0.186819,0.779463,0.653211
dsgdb9nsd_000049,9,3,3JHN,1.94185,-0.030665,-0.134281,0.059514
dsgdb9nsd_000049,9,10,2JHH,-11.2913,0.350623,2.30265,-2.61293
dsgdb9nsd_000049,10,0,3JHC,1.56746,-0.031421,0.019609,-0.048118
dsgdb9nsd_000049,10,1,2JHC,-5.33404,0.131685,-0.020493,-0.030859
dsgdb9nsd_000049,10,2,1JHC,84.0065,0.150333,0.969553,0.653293
dsgdb9nsd_000049,10,3,3JHN,2.5851,-0.028323,-0.017065,-0.103095
dsgdb9nsd_000049,11,1,3JHC,8.23023,-0.12083,0.394904,-0.896239
dsgdb9nsd_000049,11,3,2JHN,1.19841,-0.079935,-0.243814,-0.090003
dsgdb9nsd_000050,5,0,1JHN,57.3835,0.168755,1.45682,0.291903
dsgdb9nsd_000050,5,1,2JHC,3.94494,0.022274,-0.431946,-0.709027
dsgdb9nsd_000050,5,2,3JHC,7.11537,-0.016169,0.43834,-0.799715
dsgdb9nsd_000050,5,3,3JHC,7.11543,-0.016169,0.438339,-0.799716
dsgdb9nsd_000050,5,4,2JHC,3.94501,0.022274,-0.43193,-0.709035
dsgdb9nsd_000050,5,6,3JHH,0.902086,0.08092,0.783379,-1.07666
dsgdb9nsd_000050,5,9,3JHH,0.902058,0.080917,0.783408,-1.0767
dsgdb9nsd_000050,6,0,2JHN,4.16317,0.004338,-0.253233,-0.108688
dsgdb9nsd_000050,6,1,1JHC,123.777,0.387997,0.537223,0.936261
dsgdb9nsd_000050,6,2,2JHC,7.08416,0.025914,-0.616806,-0.528981
dsgdb9nsd_000050,6,3,3JHC,7.11376,-0.052718,0.287382,-0.620023
dsgdb9nsd_000050,6,4,3JHC,4.9203,0.111519,0.332445,-0.666545
dsgdb9nsd_000050,6,7,3JHH,1.37625,-0.132104,0.79382,-1.21064
dsgdb9nsd_000050,7,0,3JHN,3.64554,0.018728,0.093187,-0.176601
dsgdb9nsd_000050,7,1,2JHC,7.78736,0.032178,-0.776265,-0.433179
dsgdb9nsd_000050,7,2,1JHC,126.751,0.384679,0.625367,0.86758
dsgdb9nsd_000050,7,3,2JHC,4.54526,0.043089,-0.506625,-0.420162
dsgdb9nsd_000050,7,4,3JHC,7.64223,-0.072587,0.308266,-0.607409
dsgdb9nsd_000050,7,8,3JHH,1.76068,-0.011836,0.746225,-1.06924
dsgdb9nsd_000050,8,0,3JHN,3.64556,0.018727,0.093188,-0.176601
dsgdb9nsd_000050,8,1,3JHC,7.64227,-0.072588,0.308265,-0.607409
dsgdb9nsd_000050,8,2,2JHC,4.54531,0.043088,-0.506622,-0.420163
dsgdb9nsd_000050,8,3,1JHC,126.751,0.384677,0.625368,0.867581
dsgdb9nsd_000050,8,4,2JHC,7.78737,0.032177,-0.776268,-0.433178
dsgdb9nsd_000050,8,9,3JHH,1.37629,-0.132101,0.793809,-1.21063
dsgdb9nsd_000050,9,0,2JHN,4.16319,0.004338,-0.25323,-0.108689
dsgdb9nsd_000050,9,1,3JHC,4.9203,0.111519,0.332444,-0.666545
dsgdb9nsd_000050,9,2,3JHC,7.11373,-0.052718,0.287382,-0.620023
dsgdb9nsd_000050,9,3,2JHC,7.08412,0.025914,-0.616812,-0.528978
dsgdb9nsd_000050,9,4,1JHC,123.777,0.387997,0.537224,0.936263
dsgdb9nsd_000051,5,0,1JHN,55.5789,0.161498,1.36472,0.292729
dsgdb9nsd_000051,5,1,2JHC,5.37644,0.050683,-0.338832,-0.712981
dsgdb9nsd_000051,5,2,3JHC,8.22559,-0.024896,0.489064,-0.813966
dsgdb9nsd_000051,5,3,3JHN,-0.440161,-0.021909,-0.095086,-0.246965
dsgdb9nsd_000051,5,4,2JHC,5.43042,-0.003481,-0.573505,-0.697203
dsgdb9nsd_000051,5,6,3JHH,0.319442,0.085307,0.878343,-1.17941
dsgdb9nsd_000051,5,8,3JHH,-0.458823,0.029163,0.827977,-1.18658
dsgdb9nsd_000051,6,0,2JHN,4.59489,0.009911,-0.220823,-0.109621
dsgdb9nsd_000051,6,1,1JHC,126.568,0.417926,0.432339,0.936092
dsgdb9nsd_000051,6,2,2JHC,7.90393,0.014036,-0.647213,-0.519751
dsgdb9nsd_000051,6,3,3JHN,0.405397,-0.022433,-0.02097,-0.192666
dsgdb9nsd_000051,6,4,3JHC,6.12624,0.090055,0.371073,-0.672902
dsgdb9nsd_000051,6,7,3JHH,0.182358,-0.169737,0.889608,-1.32916
dsgdb9nsd_000051,7,0,3JHN,2.0803,0.013053,0.097802,-0.184423
dsgdb9nsd_000051,7,1,2JHC,15.9093,0.055994,-0.670079,-0.460123
dsgdb9nsd_000051,7,2,1JHC,133.293,0.383708,0.269263,0.944078
dsgdb9nsd_000051,7,3,2JHN,9.60117,0.000392,-0.436645,-0.108395
dsgdb9nsd_000051,7,4,3JHC,10.6359,-0.023104,0.378565,-0.698739
dsgdb9nsd_000051,8,0,2JHN,8.03833,0.016959,-0.278598,-0.113347
dsgdb9nsd_000051,8,1,3JHC,1.87909,0.094161,0.336376,-0.690427
dsgdb9nsd_000051,8,2,3JHC,9.05729,-0.001842,0.315639,-0.705803
dsgdb9nsd_000051,8,3,2JHN,10.5552,0.0094,-0.444644,-0.150602
dsgdb9nsd_000051,8,4,1JHC,127.565,0.357526,0.222971,1.04257
dsgdb9nsd_000052,5,1,1JHC,131.955,0.439872,0.073654,0.98406
dsgdb9nsd_000052,5,2,2JHC,12.0516,0.048135,-0.505068,-0.57305
dsgdb9nsd_000052,5,3,3JHC,5.68497,-0.063178,0.295155,-0.6417
dsgdb9nsd_000052,5,4,3JHC,5.0514,0.149681,0.319029,-0.730437
dsgdb9nsd_000052,5,6,3JHH,0.583675,-0.193987,0.888268,-1.32677
dsgdb9nsd_000052,6,1,2JHC,9.84243,0.016327,-0.847948,-0.438401
dsgdb9nsd_000052,6,2,1JHC,129.349,0.397229,0.495384,0.866685
dsgdb9nsd_000052,6,3,2JHC,4.50558,0.062167,-0.375563,-0.41231
dsgdb9nsd_000052,6,4,3JHC,7.44122,-0.096104,0.308928,-0.614597
dsgdb9nsd_000052,6,7,3JHH,1.45435,0.004189,0.809353,-1.11063
dsgdb9nsd_000052,7,1,3JHC,7.44122,-0.096104,0.308927,-0.614597
dsgdb9nsd_000052,7,2,2JHC,4.50557,0.062167,-0.375563,-0.41231
dsgdb9nsd_000052,7,3,1JHC,129.349,0.397228,0.495383,0.866685
dsgdb9nsd_000052,7,4,2JHC,9.84248,0.016326,-0.847946,-0.438402
dsgdb9nsd_000052,7,8,3JHH,0.583676,-0.193987,0.888268,-1.32677
dsgdb9nsd_000052,8,1,3JHC,5.05135,0.149681,0.319029,-0.730437
dsgdb9nsd_000052,8,2,3JHC,5.68498,-0.063178,0.295156,-0.6417
dsgdb9nsd_000052,8,3,2JHC,12.0515,0.048136,-0.505068,-0.573051
dsgdb9nsd_000052,8,4,1JHC,131.956,0.439874,0.07365,0.984058
dsgdb9nsd_000053,5,1,1JHC,135.733,0.47519,-0.025004,0.979525
dsgdb9nsd_000053,5,2,2JHC,13.0011,0.032751,-0.512016,-0.567397
dsgdb9nsd_000053,5,3,3JHN,0.411405,-0.025531,-0.002548,-0.198993
dsgdb9nsd_000053,5,4,3JHC,6.60363,0.121593,0.356272,-0.73022
dsgdb9nsd_000053,5,6,3JHH,-0.121867,-0.232499,0.998708,-1.46212
dsgdb9nsd_000053,6,1,2JHC,17.4222,0.037569,-0.711313,-0.471067
dsgdb9nsd_000053,6,2,1JHC,137.214,0.413132,0.176689,0.935592
dsgdb9nsd_000053,6,3,2JHN,9.33224,0.007837,-0.355965,-0.104702
dsgdb9nsd_000053,6,4,3JHC,10.6678,-0.047668,0.405972,-0.70354
dsgdb9nsd_000053,7,1,3JHC,1.84901,0.133067,0.314204,-0.749988
dsgdb9nsd_000053,7,2,3JHC,7.48811,-0.012801,0.332713,-0.723457
dsgdb9nsd_000053,7,3,2JHN,11.8539,0.031416,-0.346735,-0.167496
dsgdb9nsd_000053,7,4,1JHC,137.389,0.427896,-0.097549,1.09851
dsgdb9nsd_000055,5,0,1JHC,77.8546,0.159945,0.937959,0.738634
dsgdb9nsd_000055,5,1,2JHC,-2.86944,0.084905,-0.036173,0.011697
dsgdb9nsd_000055,5,2,3JHC,2.71194,-0.032638,-0.026978,0.025049
dsgdb9nsd_000055,5,3,3JHC,7.35111,0.01709,0.302206,-0.457096
dsgdb9nsd_000055,5,6,2JHH,-10.8248,0.361482,2.10032,-2.30259
dsgdb9nsd_000055,5,7,2JHH,-12.0451,0.363325,2.094,-2.27459
dsgdb9nsd_000055,6,0,1JHC,81.9738,0.187566,0.793676,0.72795
dsgdb9nsd_000055,6,1,2JHC,-3.12157,0.07805,-0.041148,0.017752
dsgdb9nsd_000055,6,2,3JHC,7.39469,0.022111,0.300749,-0.456917
dsgdb9nsd_000055,6,3,3JHC,2.49667,-0.033354,-0.024818,0.025553
dsgdb9nsd_000055,6,7,2JHH,-11.2774,0.361808,2.13875,-2.38103
dsgdb9nsd_000055,7,0,1JHC,76.4798,0.169275,0.914062,0.719634
dsgdb9nsd_000055,7,1,2JHC,1.40527,0.098921,0.01968,0.014776
dsgdb9nsd_000055,7,2,3JHC,0.694945,-0.033269,-0.013318,0.004348
dsgdb9nsd_000055,7,3,3JHC,1.08416,-0.031887,-0.007681,0.003954
dsgdb9nsd_000055,8,0,3JHC,0.695354,-0.033274,-0.013344,0.004386
dsgdb9nsd_000055,8,1,2JHC,1.40551,0.098924,0.019682,0.014763
dsgdb9nsd_000055,8,2,1JHC,76.4788,0.169272,0.914086,0.719628
dsgdb9nsd_000055,8,3,3JHC,1.08342,-0.031878,-0.007645,0.003898
dsgdb9nsd_000055,8,9,2JHH,-11.2769,0.361805,2.13879,-2.38109
dsgdb9nsd_000055,8,10,2JHH,-12.0462,0.363336,2.09392,-2.27447
dsgdb9nsd_000055,9,0,3JHC,7.39506,0.02211,0.300753,-0.456917
dsgdb9nsd_000055,9,1,2JHC,-3.12102,0.078057,-0.041125,0.017707
dsgdb9nsd_000055,9,2,1JHC,81.973,0.187584,0.793694,0.727935
dsgdb9nsd_000055,9,3,3JHC,2.4967,-0.033353,-0.024802,0.025535
dsgdb9nsd_000055,9,10,2JHH,-10.8255,0.361488,2.10029,-2.30253
dsgdb9nsd_000055,10,0,3JHC,2.71156,-0.032632,-0.026974,0.025036
dsgdb9nsd_000055,10,1,2JHC,-2.87002,0.084899,-0.036189,0.011725
dsgdb9nsd_000055,10,2,1JHC,77.8553,0.15991,0.937988,0.73864
dsgdb9nsd_000055,10,3,3JHC,7.35094,0.017097,0.302201,-0.457092
dsgdb9nsd_000055,11,0,3JHC,2.62716,-0.032506,-0.029065,0.02739
dsgdb9nsd_000055,11,1,2JHC,-3.38855,0.082603,-0.044551,0.012015
dsgdb9nsd_000055,11,2,3JHC,7.81504,0.020541,0.310566,-0.460298
dsgdb9nsd_000055,11,3,1JHC,80.8713,0.175575,0.805049,0.739889
dsgdb9nsd_000055,11,12,2JHH,-11.3347,0.372272,2.08007,-2.29541
dsgdb9nsd_000055,11,13,2JHH,-11.166,0.359577,2.14236,-2.3797
dsgdb9nsd_000055,12,0,3JHC,7.81524,0.020533,0.310567,-0.460302
dsgdb9nsd_000055,12,1,2JHC,-3.38857,0.082613,-0.04454,0.012012
dsgdb9nsd_000055,12,2,3JHC,2.62618,-0.032497,-0.029033,0.027345
dsgdb9nsd_000055,12,3,1JHC,80.869,0.175572,0.805069,0.739884
dsgdb9nsd_000055,12,13,2JHH,-11.1664,0.359583,2.14234,-2.37967
dsgdb9nsd_000055,13,0,3JHC,1.08374,-0.031569,-0.009268,0.009132
dsgdb9nsd_000055,13,1,2JHC,2.03718,0.099901,0.002092,0.020148
dsgdb9nsd_000055,13,2,3JHC,1.08392,-0.031568,-0.009272,0.009147
dsgdb9nsd_000055,13,3,1JHC,76.6848,0.166886,0.932656,0.730772
dsgdb9nsd_000055,14,0,3JHC,0.535289,-0.027928,0.066291,0.011167
dsgdb9nsd_000055,14,1,2JHC,-0.97824,0.012248,0.50513,-0.32366
dsgdb9nsd_000055,14,2,3JHC,0.535173,-0.027921,0.066312,0.011164
dsgdb9nsd_000055,14,3,3JHC,8.11782,0.021739,0.555031,-0.761762
dsgdb9nsd_000056,5,0,1JHC,80.9992,0.178955,0.974183,0.636126
dsgdb9nsd_000056,5,1,2JHC,-3.42691,0.144144,-0.03498,-0.001384
dsgdb9nsd_000056,5,3,3JHC,0.057554,-0.057264,0.009231,0.063529
dsgdb9nsd_000056,5,6,2JHH,-17.2596,0.38685,2.31077,-2.47514
dsgdb9nsd_000056,5,7,2JHH,-10.5069,0.336328,2.42176,-2.7611
dsgdb9nsd_000056,6,0,1JHC,81.0316,0.179185,0.973458,0.636077
dsgdb9nsd_000056,6,1,2JHC,-3.4105,0.143682,-0.036642,-0.001791
dsgdb9nsd_000056,6,3,3JHC,0.061592,-0.057441,0.008563,0.064754
dsgdb9nsd_000056,6,7,2JHH,-10.4683,0.336101,2.42259,-2.76272
dsgdb9nsd_000056,7,0,1JHC,89.4857,0.197589,0.785437,0.62952
dsgdb9nsd_000056,7,1,2JHC,-6.14782,0.006279,-0.295691,-0.057174
dsgdb9nsd_000056,7,3,3JHC,5.26649,0.078492,0.332846,-0.422831
dsgdb9nsd_000056,8,1,3JHC,2.48948,0.03613,0.259543,-0.417852
dsgdb9nsd_000056,8,3,2JHC,11.2798,0.889665,5.10634,-1.18611
dsgdb9nsd_000056,8,4,1JHC,197.13,0.891814,-1.27043,0.432389
dsgdb9nsd_000057,5,0,1JHC,83.3182,0.175726,0.938418,0.633166
dsgdb9nsd_000057,5,1,2JHC,-4.08839,0.152227,-0.031913,-0.001633
dsgdb9nsd_000057,5,3,3JHC,-0.015417,-0.055701,-0.013276,0.111163
dsgdb9nsd_000057,5,6,2JHH,-18.1308,0.392991,2.29775,-2.47878
dsgdb9nsd_000057,5,7,2JHH,-10.7163,0.333891,2.427,-2.79181
dsgdb9nsd_000057,6,0,1JHC,83.3136,0.17569,0.938525,0.633174
dsgdb9nsd_000057,6,1,2JHC,-4.09057,0.152284,-0.031679,-0.001579
dsgdb9nsd_000057,6,3,3JHC,-0.016127,-0.055685,-0.01318,0.110997
dsgdb9nsd_000057,6,7,2JHH,-10.7218,0.333924,2.42689,-2.79157
dsgdb9nsd_000057,7,0,1JHC,89.5872,0.206843,0.755614,0.623063
dsgdb9nsd_000057,7,1,2JHC,-6.10502,0.00319,-0.309367,-0.057875
dsgdb9nsd_000057,7,3,3JHC,5.93985,0.069325,0.318103,-0.388749
dsgdb9nsd_000059,5,0,1JHN,56.3051,0.137351,1.43444,0.223323
dsgdb9nsd_000059,5,1,2JHC,-1.33262,-0.123504,-0.659893,-0.496575
dsgdb9nsd_000059,5,3,3JHC,8.9951,0.086724,0.451328,-0.622548
dsgdb9nsd_000059,5,6,2JHH,6.18274,0.224233,5.57884,-6.07616
dsgdb9nsd_000059,6,0,1JHN,55.3542,0.171478,1.4899,0.224465
dsgdb9nsd_000059,6,1,2JHC,4.86496,-0.041862,-0.575205,-0.532019
dsgdb9nsd_000059,6,3,3JHC,0.725262,-0.025035,0.005971,0.155767
dsgdb9nsd_000059,7,1,3JHC,2.35704,0.052972,0.312567,-0.398459
dsgdb9nsd_000059,7,3,2JHC,11.6749,0.909814,5.17587,-1.18333
dsgdb9nsd_000059,7,4,1JHC,195.48,0.894833,-1.0842,0.44252
dsgdb9nsd_000060,5,0,1JHC,82.6155,0.175596,0.96261,0.679017
dsgdb9nsd_000060,5,1,2JHC,-3.91309,0.182084,-0.215745,0.031309
dsgdb9nsd_000060,5,3,3JHC,-0.359965,-0.076051,-0.000672,-0.007766
dsgdb9nsd_000060,5,6,2JHH,-18.5757,0.394795,2.1315,-2.25871
dsgdb9nsd_000060,5,7,2JHH,-10.1773,0.324434,2.38318,-2.72085
dsgdb9nsd_000060,6,0,1JHC,82.6024,0.175478,0.963089,0.679015
dsgdb9nsd_000060,6,1,2JHC,-3.91831,0.182214,-0.215049,0.031413
dsgdb9nsd_000060,6,3,3JHC,-0.361252,-0.076049,-0.000366,-0.007996
dsgdb9nsd_000060,6,7,2JHH,-10.1928,0.324515,2.38292,-2.72027
dsgdb9nsd_000060,7,0,1JHC,86.6012,0.20875,0.822144,0.650333
dsgdb9nsd_000060,7,1,2JHC,-4.44438,0.018139,-0.372608,-0.053772
dsgdb9nsd_000060,7,3,3JHC,4.28281,0.043322,0.333034,-0.408255
dsgdb9nsd_000060,8,0,3JHC,3.55904,0.025527,0.377368,-0.464527
dsgdb9nsd_000060,8,1,2JHC,24.456,-0.067427,0.055056,-0.055991
dsgdb9nsd_000060,8,3,1JHC,121.684,0.427295,-1.37016,1.02583
dsgdb9nsd_000063,5,0,1JHC,81.0282,0.168,0.931669,0.626598
dsgdb9nsd_000063,5,1,2JHC,-1.91475,0.069267,0.145186,-0.10866
dsgdb9nsd_000063,5,2,3JHC,1.89702,-0.031123,0.025587,-0.011074
dsgdb9nsd_000063,5,3,3JHC,9.71772,0.064167,0.319069,-0.403793
dsgdb9nsd_000063,5,6,2JHH,-10.9711,0.368201,2.31646,-2.62779
dsgdb9nsd_000063,5,7,2JHH,-10.9257,0.37081,2.25634,-2.54146
dsgdb9nsd_000063,5,8,3JHH,3.43894,0.075694,0.372126,-0.357966
dsgdb9nsd_000063,6,0,1JHC,80.9919,0.191405,0.864812,0.618315
dsgdb9nsd_000063,6,1,2JHC,-1.46957,0.048731,0.149473,-0.129978
dsgdb9nsd_000063,6,2,3JHC,9.0413,0.021039,0.305893,-0.455818
dsgdb9nsd_000063,6,3,3JHC,2.03526,-0.055475,-0.018198,0.094314
dsgdb9nsd_000063,6,7,2JHH,-11.6527,0.384963,2.25212,-2.52633
dsgdb9nsd_000063,6,8,3JHH,3.07977,0.067799,0.388581,-0.402311
dsgdb9nsd_000063,7,0,1JHC,83.7583,0.191591,0.818058,0.644255
dsgdb9nsd_000063,7,1,2JHC,-1.922,0.073064,0.16028,-0.107856
dsgdb9nsd_000063,7,2,3JHC,2.74963,-0.029582,0.025458,-0.023908
dsgdb9nsd_000063,7,3,3JHC,2.45326,-0.050885,-0.007895,0.072488
dsgdb9nsd_000063,7,8,3JHH,11.8277,0.044054,2.03779,-2.80562
dsgdb9nsd_000063,8,0,2JHC,-3.26068,0.064272,0.148999,-0.147499
dsgdb9nsd_000063,8,1,1JHC,84.6295,0.000222,0.619829,1.00619
dsgdb9nsd_000063,8,2,2JHC,-3.26069,0.064276,0.149007,-0.147506
dsgdb9nsd_000063,8,3,2JHC,-8.73774,0.203476,-0.070508,-0.028512
dsgdb9nsd_000063,8,4,3JHC,3.734,-0.097595,0.648318,-0.43444
dsgdb9nsd_000063,8,9,3JHH,11.8281,0.044056,2.03779,-2.80562
dsgdb9nsd_000063,8,10,3JHH,3.07868,0.06777,0.388769,-0.40258
dsgdb9nsd_000063,8,11,3JHH,3.44014,0.075722,0.371971,-0.357743
dsgdb9nsd_000063,9,0,3JHC,2.75111,-0.029591,0.025433,-0.023865
dsgdb9nsd_000063,9,1,2JHC,-1.92171,0.07306,0.160298,-0.107856
dsgdb9nsd_000063,9,2,1JHC,83.7588,0.191591,0.818052,0.644261
dsgdb9nsd_000063,9,3,3JHC,2.45235,-0.050875,-0.007886,0.072459
dsgdb9nsd_000063,9,10,2JHH,-11.6532,0.384972,2.25206,-2.52624
dsgdb9nsd_000063,9,11,2JHH,-10.9255,0.370807,2.25634,-2.54146
dsgdb9nsd_000063,10,0,3JHC,9.0412,0.021039,0.305894,-0.455819
dsgdb9nsd_000063,10,1,2JHC,-1.46983,0.048725,0.149488,-0.12998
dsgdb9nsd_000063,10,2,1JHC,80.9947,0.191399,0.864783,0.618325
dsgdb9nsd_000063,10,3,3JHC,2.0366,-0.055484,-0.018261,0.094412
dsgdb9nsd_000063,10,11,2JHH,-10.9706,0.368194,2.31646,-2.62781
dsgdb9nsd_000063,11,0,3JHC,1.89565,-0.031114,0.025618,-0.011119
dsgdb9nsd_000063,11,1,2JHC,-1.91468,0.069269,0.145175,-0.108661
dsgdb9nsd_000063,11,2,1JHC,81.0253,0.167995,0.931675,0.626598
dsgdb9nsd_000063,11,3,3JHC,9.7179,0.064161,0.319067,-0.403793
dsgdb9nsd_000063,12,1,3JHC,2.09562,0.08285,0.383289,-0.46186
dsgdb9nsd_000063,12,3,2JHC,13.2091,0.945968,5.16567,-1.18814
dsgdb9nsd_000063,12,4,1JHC,195.9,0.850707,-0.655459,0.480417
dsgdb9nsd_000065,5,0,1JHC,84.6725,0.195013,0.785557,0.632884
dsgdb9nsd_000065,5,1,2JHC,-2.79427,0.071469,0.089507,-0.072246
dsgdb9nsd_000065,5,2,3JHN,0.739306,-0.008965,0.002629,0.007795
dsgdb9nsd_000065,5,3,3JHC,9.25512,0.061671,0.323052,-0.37712
dsgdb9nsd_000065,5,6,2JHH,-11.0406,0.365593,2.34694,-2.71559
dsgdb9nsd_000065,5,7,2JHH,-10.9703,0.372537,2.25271,-2.55704
dsgdb9nsd_000065,5,8,3JHH,3.96045,0.076163,0.362214,-0.355598
dsgdb9nsd_000065,6,0,1JHC,81.4721,0.189342,0.853053,0.628802
dsgdb9nsd_000065,6,1,2JHC,-0.209125,0.058641,0.110719,-0.10301
dsgdb9nsd_000065,6,2,3JHN,4.74682,0.005592,0.076968,-0.140335
dsgdb9nsd_000065,6,3,3JHC,1.04154,-0.04865,-0.052993,0.142103
dsgdb9nsd_000065,6,7,2JHH,-12.0245,0.382891,2.24468,-2.51707
dsgdb9nsd_000065,6,8,3JHH,3.06037,0.072478,0.369161,-0.376598
dsgdb9nsd_000065,7,0,1JHC,83.3849,0.185397,0.820848,0.661034
dsgdb9nsd_000065,7,1,2JHC,-3.21093,0.07271,0.086059,-0.091036
dsgdb9nsd_000065,7,2,3JHN,1.05726,-0.01583,0.064243,-0.012806
dsgdb9nsd_000065,7,3,3JHC,2.92,-0.04763,-0.034448,0.11763
dsgdb9nsd_000065,7,8,3JHH,12.0193,0.046902,2.03866,-2.83599
dsgdb9nsd_000065,8,0,2JHC,-3.92536,0.06025,0.123376,-0.153842
dsgdb9nsd_000065,8,1,1JHC,92.1342,0.025019,0.204208,1.05222
dsgdb9nsd_000065,8,2,2JHN,2.16895,-0.008216,0.129679,-0.04833
dsgdb9nsd_000065,8,3,2JHC,-3.79372,0.163517,-0.054741,0.056524
dsgdb9nsd_000065,8,4,3JHN,0.650442,-0.014801,0.281849,-0.140312
dsgdb9nsd_000065,8,9,3JHH,14.065,0.04395,2.71289,-3.65034
dsgdb9nsd_000065,8,10,3JHH,2.31887,0.066687,0.586854,-0.566897
dsgdb9nsd_000065,9,0,3JHC,1.51718,-0.029317,0.087304,-0.044402
dsgdb9nsd_000065,9,1,2JHC,-1.15308,0.048123,0.302377,-0.280451
dsgdb9nsd_000065,9,2,1JHN,36.391,0.056779,1.63509,0.195186
dsgdb9nsd_000065,9,3,3JHC,1.79907,-0.041297,-0.066258,0.093797
dsgdb9nsd_000065,9,10,2JHH,-10.4893,0.582295,4.38175,-4.13518
dsgdb9nsd_000065,10,0,3JHC,8.57631,0.032016,0.4253,-0.608274
dsgdb9nsd_000065,10,1,2JHC,-0.801578,0.031128,0.273921,-0.311303
dsgdb9nsd_000065,10,2,1JHN,36.1762,0.057744,1.62995,0.186754
dsgdb9nsd_000065,10,3,3JHC,1.13803,-0.0459,-0.068483,0.105525
dsgdb9nsd_000066,5,0,1JHC,78.8255,0.182599,0.889028,0.638934
dsgdb9nsd_000066,5,1,2JHC,1.50453,0.078551,0.103607,-0.07162
dsgdb9nsd_000066,5,3,3JHC,0.634401,-0.055931,-0.017758,0.086793
dsgdb9nsd_000066,5,6,2JHH,-12.2039,0.376065,2.23968,-2.48814
dsgdb9nsd_000066,5,7,2JHH,-11.1119,0.361588,2.3302,-2.66076
dsgdb9nsd_000066,5,8,3JHH,2.19574,0.072512,0.378373,-0.365987
dsgdb9nsd_000066,6,0,1JHC,82.0236,0.189396,0.842182,0.673558
dsgdb9nsd_000066,6,1,2JHC,-3.51508,0.077615,0.041255,-0.066031
dsgdb9nsd_000066,6,3,3JHC,3.24502,-0.0598,-0.007482,0.090113
dsgdb9nsd_000066,6,7,2JHH,-10.263,0.363192,2.25794,-2.53913
dsgdb9nsd_000066,6,8,3JHH,11.5184,0.043181,2.03349,-2.83837
dsgdb9nsd_000066,7,0,1JHC,84.0947,0.190117,0.829963,0.646162
dsgdb9nsd_000066,7,1,2JHC,-4.02998,0.067978,0.008232,-0.057148
dsgdb9nsd_000066,7,3,3JHC,8.74073,0.067418,0.328221,-0.411162
dsgdb9nsd_000066,7,8,3JHH,3.97778,0.080589,0.361465,-0.344007
dsgdb9nsd_000066,8,0,2JHC,-1.9493,0.056564,0.060986,-0.150307
dsgdb9nsd_000066,8,1,1JHC,98.9043,0.008057,-0.078852,1.11744
dsgdb9nsd_000066,8,3,2JHC,-6.97306,0.182447,-0.068984,-0.024541
dsgdb9nsd_000066,8,4,3JHC,3.44083,-0.05238,0.72998,-0.439317
dsgdb9nsd_000066,8,9,3JHH,13.8164,0.081017,3.47528,-4.49214
dsgdb9nsd_000066,9,0,3JHC,-0.31912,-0.010697,0.213007,-0.131688
dsgdb9nsd_000066,9,1,2JHC,-1.50852,-0.003061,0.558077,-0.42506
dsgdb9nsd_000066,9,3,3JHC,2.12323,-0.053338,-0.016934,0.144933
dsgdb9nsd_000066,10,1,3JHC,2.13809,0.070048,0.307313,-0.440811
dsgdb9nsd_000066,10,3,2JHC,12.9765,0.934914,5.16298,-1.18127
dsgdb9nsd_000066,10,4,1JHC,196.204,0.862415,-0.78267,0.471724
dsgdb9nsd_000067,5,0,1JHC,84.5559,0.195692,0.803471,0.641476
dsgdb9nsd_000067,5,1,2JHC,-3.58459,0.069753,0.017226,-0.049104
dsgdb9nsd_000067,5,3,3JHC,9.06656,0.060438,0.322249,-0.380611
dsgdb9nsd_000067,5,6,2JHH,-11.6325,0.366258,2.32597,-2.67299
dsgdb9nsd_000067,5,7,2JHH,-10.4453,0.364167,2.26364,-2.56163
dsgdb9nsd_000067,5,8,3JHH,4.20306,0.078049,0.373047,-0.370477
dsgdb9nsd_000067,6,0,1JHC,80.7733,0.186978,0.854229,0.634875
dsgdb9nsd_000067,6,1,2JHC,1.15674,0.077608,0.095713,-0.072289
dsgdb9nsd_000067,6,3,3JHC,0.610239,-0.054311,-0.053093,0.132923
dsgdb9nsd_000067,6,7,2JHH,-12.452,0.379586,2.23423,-2.4987
dsgdb9nsd_000067,6,8,3JHH,2.24349,0.072222,0.377512,-0.369951
dsgdb9nsd_000067,7,0,1JHC,83.4108,0.188919,0.831371,0.669342
dsgdb9nsd_000067,7,1,2JHC,-3.90622,0.072932,0.029147,-0.069541
