molecule_name,atom_index,atom,x,y,z
dsgdb9nsd_000001,0,C,-0.0126981359,1.085804158,0.0080009958
dsgdb9nsd_000001,1,H,0.002150416,-0.0060313176,0.0019761204
dsgdb9nsd_000001,2,H,1.011730843,1.463751162,0.0002765748
dsgdb9nsd_000001,3,H,-0.540815069,1.447526614,-0.8766437152
dsgdb9nsd_000001,4,H,-0.5238136345,1.437932644,0.9063972942
dsgdb9nsd_000002,0,N,-0.0404260543,1.024107753,0.0625637998
dsgdb9nsd_000002,1,H,0.0172574639,0.0125452063,-0.0273771593
dsgdb9nsd_000002,2,H,0.9157893661,1.358745195,-0.0287577581
dsgdb9nsd_000002,3,H,-0.5202777357,1.343532126,-0.7755426124
dsgdb9nsd_000003,0,O,-0.0343604951,0.9775395708,0.0076015923
dsgdb9nsd_000003,1,H,0.0647664923,0.0205721989,0.0015346341
dsgdb9nsd_000003,2,H,0.8717903737,1.300792405,0.0006931336
dsgdb9nsd_000004,0,C,0.5995394918,0,1
dsgdb9nsd_000004,1,C,-0.5995394918,0,1
dsgdb9nsd_000004,2,H,-1.661638586,0,1
dsgdb9nsd_000004,3,H,1.661638586,0,1
dsgdb9nsd_000005,0,C,-0.0133239314,1.132465715,0.0082758861
dsgdb9nsd_000005,1,N,0.0023107217,-0.0191585871,0.0019287305
dsgdb9nsd_000005,2,H,-0.0278026991,2.198949296,0.0141537903
dsgdb9nsd_000007,0,C,-0.0187040036,1.525582015,0.0104328082
dsgdb9nsd_000007,1,C,0.0021037439,-0.0038819102,0.0019988214
dsgdb9nsd_000007,2,H,0.9948727479,1.939743236,0.0029412016
dsgdb9nsd_000007,3,H,-0.5420761069,1.923610632,-0.8651173523
dsgdb9nsd_000007,4,H,-0.5252411248,1.914173078,0.9000239916
dsgdb9nsd_000007,5,H,0.5254865372,-0.4019078419,0.8775439536
dsgdb9nsd_000007,6,H,-1.011476507,-0.4180337979,0.0095084879
dsgdb9nsd_000007,7,H,0.5086261934,-0.3924704005,-0.8876011721
dsgdb9nsd_000008,0,C,-0.0082881667,1.390469779,-0.0056006901
dsgdb9nsd_000008,1,O,-0.0079703813,-0.0250453723,0.0203060595
dsgdb9nsd_000008,2,H,1.006583385,1.815563659,0.0034833514
dsgdb9nsd_000008,3,H,-0.5465747513,1.799169746,-0.8739012577
dsgdb9nsd_000008,4,H,-0.5228887142,1.725552403,0.8990732632
dsgdb9nsd_000008,5,H,0.4414201887,-0.3335442546,-0.7715205863
dsgdb9nsd_000009,0,C,-0.0178210241,1.464357883,0.0100939689
dsgdb9nsd_000009,1,C,0.0020881587,0.0095077743,0.0020119979
dsgdb9nsd_000009,2,C,0.018340851,-1.191805179,-0.0045050842
dsgdb9nsd_000009,3,H,0.9978221,1.874253489,0.0026060629
dsgdb9nsd_000009,4,H,-0.5422043423,1.858011781,-0.867211921
dsgdb9nsd_000009,5,H,-0.5253330614,1.848343562,0.9014813825
dsgdb9nsd_000009,6,H,0.0323165781,-2.25314823,-0.0102599871
dsgdb9nsd_000010,0,C,-0.0178862937,1.467127869,0.0101131129
dsgdb9nsd_000010,1,C,0.0017381887,0.0103525955,0.0020758794
dsgdb9nsd_000010,2,N,0.017652353,-1.14452926,-0.00420445
dsgdb9nsd_000010,3,H,1.002029412,1.860899268,0.0024540105
dsgdb9nsd_000010,4,H,-0.5439884752,1.844799013,-0.8707545998
dsgdb9nsd_000010,5,H,-0.5270778345,1.835181664,0.9048632871
dsgdb9nsd_000011,0,C,-0.0029448212,1.509913665,0.0086727849
dsgdb9nsd_000011,1,C,0.0260828384,0.0032756259,-0.037459115
dsgdb9nsd_000011,2,O,0.9422880119,-0.6550703513,-0.4568257611
dsgdb9nsd_000011,3,H,0.9227880213,1.926342418,-0.3914655687
dsgdb9nsd_000011,4,H,-0.8620154031,1.878524808,-0.5647953841
dsgdb9nsd_000011,5,H,-0.1505063787,1.843933832,1.042891005
dsgdb9nsd_000011,6,H,-0.8944300885,-0.4864340773,0.3577486492
dsgdb9nsd_000012,0,N,-0.0258998583,1.34614561,0.0088939089
dsgdb9nsd_000012,1,C,0.0464672751,-0.0117434132,0.0012042484
dsgdb9nsd_000012,2,O,1.071835205,-0.6525878165,-0.0111331282
dsgdb9nsd_000012,3,H,0.8253549651,1.885049484,0.0037376912
dsgdb9nsd_000012,4,H,-0.9083767959,1.826796378,0.018919919
dsgdb9nsd_000012,5,H,-0.9614410008,-0.4750037629,0.0080739107
dsgdb9nsd_000013,0,C,-0.0311382511,1.540815818,0.0319212557
dsgdb9nsd_000013,1,C,0.0121534673,0.0109223512,-0.016032589
dsgdb9nsd_000013,2,C,0.7216912862,-0.5258335257,-1.262305701
dsgdb9nsd_000013,3,H,0.9795598736,1.964591165,0.0309836688
dsgdb9nsd_000013,4,H,-0.558402225,1.948311922,-0.8381607489
dsgdb9nsd_000013,5,H,-0.5425225229,1.901535314,0.9300567072
dsgdb9nsd_000013,6,H,0.5152279134,-0.3684023366,0.882311343
dsgdb9nsd_000013,7,H,-1.010706414,-0.3845699872,0.0205178255
dsgdb9nsd_000013,8,H,1.758512105,-0.1737658496,-1.308715164
dsgdb9nsd_000013,9,H,0.7408719199,-1.620249586,-1.275165113
dsgdb9nsd_000013,10,H,0.2202335076,-0.1905117949,-2.177290204
dsgdb9nsd_000014,0,C,-0.0086050396,1.502038288,-0.0068121748
dsgdb9nsd_000014,1,C,0.0109931006,-0.0176487687,-0.013770355
dsgdb9nsd_000014,2,O,0.6808884095,-0.4404180314,-1.193132099
dsgdb9nsd_000014,3,H,1.011533342,1.896620303,-0.0192015475
dsgdb9nsd_000014,4,H,-0.5315986204,1.880761092,-0.8897465868
dsgdb9nsd_000014,5,H,-0.5167457158,1.876117708,0.8871073864
dsgdb9nsd_000014,6,H,0.5237712083,-0.3891229547,0.8882408183
dsgdb9nsd_000014,7,H,-1.020275441,-0.4050726108,0.0169067033
dsgdb9nsd_000014,8,H,0.6952957263,-1.401795676,-1.201484945
dsgdb9nsd_000015,0,C,-0.0148214665,1.392412337,0.0056710438
dsgdb9nsd_000015,1,O,-0.0047153748,-0.0136066049,0.0145965754
dsgdb9nsd_000015,2,C,0.6379489343,-0.5532967625,-1.113582323
dsgdb9nsd_000015,3,H,1.005283578,1.810158071,0.0046563051
dsgdb9nsd_000015,4,H,-0.5468955976,1.793435301,-0.8725105077
dsgdb9nsd_000015,5,H,-0.5300289536,1.72291969,0.9110169641
dsgdb9nsd_000015,6,H,0.1399379234,-0.2559933348,-2.050983753
dsgdb9nsd_000015,7,H,1.692652746,-0.2386838236,-1.174777428
dsgdb9nsd_000015,8,H,0.5995943514,-1.641801613,-1.024076157
dsgdb9nsd_000016,0,C,-0.0119327974,1.51433198,0.010316996
dsgdb9nsd_000016,1,C,1.302991177,0.7788656204,-0.0061784231
dsgdb9nsd_000016,2,C,0.0086717414,0.0076704221,0.0020103247
dsgdb9nsd_000016,3,H,-0.3054146435,2.017021172,0.9253323893
dsgdb9nsd_000016,4,H,-0.3227549828,2.026801564,-0.8934783865
dsgdb9nsd_000016,5,H,1.884933961,0.7914501983,-0.9211939346
dsgdb9nsd_000016,6,H,1.902266306,0.7816539079,0.8976637317
dsgdb9nsd_000016,7,H,-0.2708804319,-0.5128912474,0.9113747374
dsgdb9nsd_000016,8,H,-0.2882198296,-0.503104088,-0.9074082449
dsgdb9nsd_000017,0,C,0.0153771978,1.4176438,0.0095628663
dsgdb9nsd_000017,1,C,1.264781612,0.6492398384,-0.0065504377
dsgdb9nsd_000017,2,O,-0.0002401788,-0.007710059,0.0020405474
dsgdb9nsd_000017,3,H,-0.3176332635,1.88586598,0.9347575102
dsgdb9nsd_000017,4,H,-0.3352758293,1.895766733,-0.9039757823
dsgdb9nsd_000017,5,H,1.83246682,0.5625684765,-0.9319329026
dsgdb9nsd_000017,6,H,1.850082582,0.5526793813,0.9068014688
dsgdb9nsd_000018,0,C,-0.0031018943,1.480503276,-0.1725986671
dsgdb9nsd_000018,1,C,-0.0452720177,-0.0288705905,0.0013949255
dsgdb9nsd_000018,2,C,1.297058004,-0.7219441456,0.168890419
dsgdb9nsd_000018,3,O,-1.086431725,-0.6427334329,0.0063039331
dsgdb9nsd_000018,4,H,0.5940352949,1.74668579,-1.052250432
dsgdb9nsd_000018,5,H,-1.015404068,1.870340229,-0.2838226498
dsgdb9nsd_000018,6,H,0.480995996,1.950706048,0.6909937592
dsgdb9nsd_000018,7,H,1.825121443,-0.3247073087,1.043286579
dsgdb9nsd_000018,8,H,1.148925074,-1.795976895,0.2855439305
dsgdb9nsd_000018,9,H,1.936826353,-0.5294969212,-0.6999540277
dsgdb9nsd_000019,0,C,0.0067988926,1.499697364,-0.025670302
dsgdb9nsd_000019,1,C,-0.0274038512,-0.0175205065,-0.148948112
dsgdb9nsd_000019,2,N,1.178266669,-0.6332429807,0.0569172062
dsgdb9nsd_000019,3,O,-1.037219649,-0.6398064871,-0.4072757187
dsgdb9nsd_000019,4,H,0.9139028028,1.929237555,-0.4610006733
dsgdb9nsd_000019,5,H,-0.8708089634,1.911241859,-0.5234517551
dsgdb9nsd_000019,6,H,-0.0282612356,1.785172706,1.031491252
dsgdb9nsd_000019,7,H,1.984051388,-0.1317586134,0.3867490606
dsgdb9nsd_000019,8,H,1.190494207,-1.639195626,0.1000620928
dsgdb9nsd_000020,0,N,0.0360526966,1.360778727,-0.1241640253
dsgdb9nsd_000020,1,C,-0.0259113822,-0.0207655962,0.0020064507
dsgdb9nsd_000020,2,N,1.219684795,-0.6233421968,0.1196322188
dsgdb9nsd_000020,3,O,-1.06822866,-0.6417459677,0.0086557294
dsgdb9nsd_000020,4,H,0.8074943898,1.834551484,0.3214491515
dsgdb9nsd_000020,5,H,-0.8582577528,1.803735,0.0224376956
dsgdb9nsd_000020,6,H,1.999271479,-0.1730305398,-0.3360249618
dsgdb9nsd_000020,7,H,1.182043275,-1.62147901,-0.0210923389
dsgdb9nsd_000021,0,C,-0.0321588811,1.540215985,0.0107445588
dsgdb9nsd_000021,1,C,0.0338174132,0.0074585217,0.0018071612
dsgdb9nsd_000021,2,C,0.7137557194,-0.50856404,-1.272969485
dsgdb9nsd_000021,3,C,0.7384899858,-0.5222088643,1.257509068
dsgdb9nsd_000021,4,H,0.9752273599,1.97414341,0.0052836184
dsgdb9nsd_000021,5,H,-0.5619676933,1.922323255,-0.8683541813
dsgdb9nsd_000021,6,H,-0.5481723936,1.912684139,0.9020803851
dsgdb9nsd_000021,7,H,-0.9975252478,-0.3731057842,0.0097729651
dsgdb9nsd_000021,8,H,1.750700215,-0.155867844,-1.332696313
dsgdb9nsd_000021,9,H,0.7344669137,-1.60328288,-1.299396961
dsgdb9nsd_000021,10,H,0.1936701054,-0.1608558933,-2.171955079
dsgdb9nsd_000021,11,H,0.2361199025,-0.1838201713,2.170052598
dsgdb9nsd_000021,12,H,0.7596408325,-1.617131529,1.272261006
dsgdb9nsd_000021,13,H,1.776358659,-0.1698531842,1.300530188
dsgdb9nsd_000022,0,C,-0.0331587081,1.547825663,-0.0043881535
dsgdb9nsd_000022,1,C,-0.0110853438,0.0185909451,0.016761166
dsgdb9nsd_000022,2,C,0.7093838393,-0.5359671127,1.239784442
dsgdb9nsd_000022,3,O,-1.332198407,-0.5171255405,0.0523605653
dsgdb9nsd_000022,4,H,0.9821569246,1.957159,-0.0318222477
dsgdb9nsd_000022,5,H,-0.5638809986,1.920876228,-0.8884586459
dsgdb9nsd_000022,6,H,-0.5408254809,1.933409453,0.8857548884
dsgdb9nsd_000022,7,H,0.5104212174,-0.3376724089,-0.8881917632
dsgdb9nsd_000022,8,H,0.2224049199,-0.1878586016,2.156502453
dsgdb9nsd_000022,9,H,0.6824202398,-1.628876384,1.233051409
dsgdb9nsd_000022,10,H,1.754343011,-0.2124695005,1.25524188
dsgdb9nsd_000022,11,H,-1.818186814,-0.1557743505,-0.695539624
dsgdb9nsd_000023,0,C,0.680980206,0,0
dsgdb9nsd_000023,1,C,-0.680980206,0,0
dsgdb9nsd_000023,2,C,-1.887666028,0,0
dsgdb9nsd_000023,3,C,1.887666028,0,0
dsgdb9nsd_000023,4,H,-2.949599995,0,0
dsgdb9nsd_000023,5,H,2.949599995,0,0
dsgdb9nsd_000024,0,C,0.0151038958,0,1
dsgdb9nsd_000024,1,C,1.382331493,0,1
dsgdb9nsd_000024,2,C,-1.188625246,0,1
dsgdb9nsd_000024,3,H,-2.251772011,0,1
dsgdb9nsd_000024,4,N,2.542961869,0,1
dsgdb9nsd_000026,0,O,-0.0677611954,-0.0423383835,0.0028248878
dsgdb9nsd_000026,1,C,-0.0056294518,1.163828792,0.0074386245
dsgdb9nsd_000026,2,C,1.229852719,1.913399969,0.0002878123
dsgdb9nsd_000026,3,C,2.236253224,2.574309702,-0.0052927696
dsgdb9nsd_000026,4,H,-0.9167070054,1.794675456,0.0178135153
dsgdb9nsd_000026,5,H,3.13429662,3.143702675,-0.0103765604
dsgdb9nsd_000027,0,O,-0.0405597774,-0.0379914394,0.0026651264
dsgdb9nsd_000027,1,C,-0.0176887026,1.161932511,0.0074600778
dsgdb9nsd_000027,2,C,1.233155341,1.933813357,0.0004337145
dsgdb9nsd_000027,3,N,2.198573783,2.57055097,-0.0048332038
dsgdb9nsd_000027,4,H,-0.9262753441,1.789591962,0.017648585
dsgdb9nsd_000028,0,O,0.0033712246,-0.0314658631,0.0015720628
dsgdb9nsd_000028,1,C,-0.0171317373,1.170814086,0.0067644382
dsgdb9nsd_000028,2,C,1.26555783,1.997194099,-7.70322e-05
dsgdb9nsd_000028,3,O,1.245070689,3.199465893,0.0068127529
dsgdb9nsd_000028,4,H,-0.9469048284,1.776781424,0.0185266798
dsgdb9nsd_000028,5,H,2.195344102,1.391213741,-0.0100673915
dsgdb9nsd_000029,0,C,-0.01787959,1.466768929,0.0101118041
dsgdb9nsd_000029,1,C,0.0018664364,0.0107291322,0.0021110887
dsgdb9nsd_000029,2,C,0.0181970373,-1.192728606,-0.0045072299
dsgdb9nsd_000029,3,C,0.0379517014,-2.648767925,-0.0125119251
dsgdb9nsd_000029,4,H,0.8646031176,1.875899792,0.514797188
dsgdb9nsd_000029,5,H,-0.0321762362,1.872105809,-1.007910018
dsgdb9nsd_000029,6,H,-0.9023311457,1.851855235,0.5300395321
dsgdb9nsd_000029,7,H,-0.8347701131,-3.063390066,0.5045143637
dsgdb9nsd_000029,8,H,0.0327642194,-3.043155644,-1.034912234
dsgdb9nsd_000029,9,H,0.932134863,-3.039316416,0.4862660603
dsgdb9nsd_000030,0,C,-0.0309584028,1.547750251,0.0316794503
dsgdb9nsd_000030,1,C,0.0148537474,0.0096247149,-0.0208215404
dsgdb9nsd_000030,2,C,0.690990728,-0.4995457544,-1.208576241
dsgdb9nsd_000030,3,C,1.252222753,-0.8951446724,-2.195278785
dsgdb9nsd_000030,4,H,0.9789930039,1.966216091,0.0337383382
dsgdb9nsd_000030,5,H,-0.5608235427,1.95002902,-0.835807453
dsgdb9nsd_000030,6,H,-0.5457670751,1.882255187,0.9370906223
dsgdb9nsd_000030,7,H,0.5192013498,-0.3742539801,0.8749622379
dsgdb9nsd_000030,8,H,-1.006448015,-0.3903083769,0.0134063167
dsgdb9nsd_000030,9,H,1.745945413,-1.25604187,-3.062994146
dsgdb9nsd_000031,0,C,-0.0252200485,1.547730542,0.0213336953
dsgdb9nsd_000031,1,C,0.0118393932,0.0099927783,-0.015567022
dsgdb9nsd_000031,2,C,0.6891511448,-0.5083684569,-1.20331488
dsgdb9nsd_000031,3,N,1.225657327,-0.9036084609,-2.14737482
dsgdb9nsd_000031,4,H,0.9857161992,1.962129895,0.0237015347
dsgdb9nsd_000031,5,H,-0.5552219223,1.945996621,-0.8471177123
dsgdb9nsd_000031,6,H,-0.5396255565,1.882943537,0.9253660368
dsgdb9nsd_000031,7,H,0.5248190962,-0.3822604798,0.8693335453
dsgdb9nsd_000031,8,H,-1.004535423,-0.398321085,0.0053007123
dsgdb9nsd_000032,0,N,-0.0360809888,1.487625327,0.0367807231
dsgdb9nsd_000032,1,C,-0.0103947065,0.0251760547,-0.0150660798
dsgdb9nsd_000032,2,C,-1.371809558,-0.5210891992,0.0273927193
dsgdb9nsd_000032,3,N,-2.440266955,-0.9595644394,0.0337051899
dsgdb9nsd_000032,4,H,0.9172975198,1.835475474,0.0520268194
dsgdb9nsd_000032,5,H,-0.4716217784,1.856772054,-0.8027556886
dsgdb9nsd_000032,6,H,0.4894616062,-0.408804013,-0.8971516848
dsgdb9nsd_000032,7,H,0.5282715003,-0.3453333779,0.8646954714
dsgdb9nsd_000033,0,O,-0.020131966,1.457381373,0.0101019492
dsgdb9nsd_000033,1,C,0.0016847769,0.0357997984,0.0022473556
dsgdb9nsd_000033,2,C,-1.363666912,-0.4748110109,0.0125505641
dsgdb9nsd_000033,3,C,-2.479028349,-0.9197020212,0.0208245052
dsgdb9nsd_000033,4,H,0.8944691103,1.757365526,0.0032736346
dsgdb9nsd_000033,5,H,0.5197902843,-0.3517541277,-0.8898030248
dsgdb9nsd_000033,6,H,0.5367045842,-0.3612766093,0.8800089415
dsgdb9nsd_000033,7,H,-3.467735019,-1.307370088,0.0281812045
dsgdb9nsd_000034,0,O,-0.0373822079,1.445478406,0.0101076874
dsgdb9nsd_000034,1,C,0.0129290637,0.0344166065,0.0020916516
dsgdb9nsd_000034,2,C,-1.357474515,-0.4887452337,0.0123973841
dsgdb9nsd_000034,3,N,-2.421352773,-0.9368518434,0.0201605291
dsgdb9nsd_000034,4,H,0.8689805678,1.769729488,0.0041757666
dsgdb9nsd_000034,5,H,0.5169271342,-0.3632979035,-0.8921581397
dsgdb9nsd_000034,6,H,0.5338761608,-0.37278749,0.8822392109
dsgdb9nsd_000035,0,C,0.1687934049,1.525130422,-0.1574705569
dsgdb9nsd_000035,1,C,-0.1873762459,0.0619476271,0.1467937419
dsgdb9nsd_000035,2,C,0.5091764497,-0.4399621499,1.391258495
dsgdb9nsd_000035,3,O,1.18191079,-1.435655847,1.458163841
dsgdb9nsd_000035,4,H,1.231265107,1.631372541,-0.396326927
dsgdb9nsd_000035,5,H,-0.4074466801,1.894316811,-1.009692465
dsgdb9nsd_000035,6,H,-0.0493103389,2.172662604,0.6985743244
dsgdb9nsd_000035,7,H,-1.2690516,-0.0166806666,0.3285443317
dsgdb9nsd_000035,8,H,0.0627906152,-0.6025047855,-0.6847403572
dsgdb9nsd_000035,9,H,0.3538484078,0.2066337038,2.288710522
dsgdb9nsd_000036,0,C,0.0147491621,1.478882564,-0.0350932578
dsgdb9nsd_000036,1,N,0.1870807741,0.0383131658,-0.0290685057
dsgdb9nsd_000036,2,C,0.4570366092,-0.6685889487,1.100690013
dsgdb9nsd_000036,3,O,0.58457996,-0.1987620204,2.211197053
dsgdb9nsd_000036,4,H,0.7602528945,1.96736104,-0.6719812596
dsgdb9nsd_000036,5,H,-0.9846242302,1.759844825,-0.3848510337
dsgdb9nsd_000036,6,H,0.1426984938,1.823877181,0.9914939742
dsgdb9nsd_000036,7,H,0.1038634896,-0.4693772635,-0.8946137946
dsgdb9nsd_000036,8,H,0.5504756768,-1.752534524,0.8886824218
dsgdb9nsd_000037,0,C,0.1065378106,1.435120488,0.0333609957
dsgdb9nsd_000037,1,O,0.4268656414,0.0471692892,0.093099449
dsgdb9nsd_000037,2,C,0.5071486248,-0.6365266459,-1.063182974
dsgdb9nsd_000037,3,O,0.7692701427,-1.799550173,-1.110104748
dsgdb9nsd_000037,4,H,0.9234925079,2.003851386,0.4846572797
dsgdb9nsd_000037,5,H,-0.0375781504,1.769271828,-1.000574254
dsgdb9nsd_000037,6,H,-0.8126956863,1.608019155,0.5987328735
dsgdb9nsd_000037,7,H,0.3045845993,-0.002319017,-1.949655532
dsgdb9nsd_000038,0,O,0.1937585635,1.371709952,0.3139829669
dsgdb9nsd_000038,1,C,0.0499263706,0.0140548073,-0.0452623853
dsgdb9nsd_000038,2,C,-1.408880245,-0.3963567997,-0.2060157413
dsgdb9nsd_000038,3,O,-1.777294621,-1.372338604,-0.8036168902
dsgdb9nsd_000038,4,H,-0.0172318567,1.912691322,-0.4533775754
dsgdb9nsd_000038,5,H,0.6044047816,-0.2651976582,-0.9520572529
dsgdb9nsd_000038,6,H,0.4674040566,-0.5752167892,0.7817626973
dsgdb9nsd_000038,7,H,-2.11835055,0.3007596199,0.2987051509
dsgdb9nsd_000039,0,C,-0.0300762365,1.558049118,0.0298077353
dsgdb9nsd_000039,1,C,0.0070727666,0.0283487713,-0.0071252863
dsgdb9nsd_000039,2,C,0.7132079171,-0.529893401,-1.247655807
dsgdb9nsd_000039,3,C,0.7503689539,-2.059593657,-1.284589568
dsgdb9nsd_000039,4,H,0.9819532966,1.97845113,0.0280079667
dsgdb9nsd_000039,5,H,-0.5558243303,1.962123433,-0.8427015713
dsgdb9nsd_000039,6,H,-0.5408376162,1.926927549,0.9249369686
dsgdb9nsd_000039,7,H,0.5092867188,-0.3490904869,0.893613189
dsgdb9nsd_000039,8,H,-1.01733481,-0.3654229859,0.0320739321
dsgdb9nsd_000039,9,H,0.2109894814,-0.1524576993,-2.148393021
dsgdb9nsd_000039,10,H,1.737613306,-0.1361162467,-1.286856722
dsgdb9nsd_000039,11,H,1.276168538,-2.463664101,-0.4121098024
dsgdb9nsd_000039,12,H,-0.2616569942,-2.48000447,-1.282735516
dsgdb9nsd_000039,13,H,1.261084909,-2.428464435,-2.179748028
dsgdb9nsd_000040,0,C,-0.0037901202,1.521967896,0.010279958
dsgdb9nsd_000040,1,C,-0.0358937194,-0.0077825368,0.002256712
dsgdb9nsd_000040,2,C,-1.452190163,-0.5665371088,0.0128438557
dsgdb9nsd_000040,3,O,-1.36799785,-1.983946035,0.0045360642
dsgdb9nsd_000040,4,H,1.024775765,1.894112307,0.0023979304
dsgdb9nsd_000040,5,H,-0.5128667381,1.937646138,-0.8665388825
dsgdb9nsd_000040,6,H,-0.4958407988,1.928013436,0.9012172128
dsgdb9nsd_000040,7,H,0.4814078416,-0.3953055191,-0.8831606436
dsgdb9nsd_000040,8,H,0.4982858852,-0.4048625622,0.8733034811
dsgdb9nsd_000040,9,H,-1.987342198,-0.2039949369,0.9066606242
dsgdb9nsd_000040,10,H,-2.004314849,-0.1945947268,-0.8666646015
dsgdb9nsd_000040,11,H,-2.261718185,-2.338242981,0.0103474791
dsgdb9nsd_000041,0,C,-0.0051955091,1.50868224,0.033087601
dsgdb9nsd_000041,1,C,0.0131657995,-0.0103781921,0.0198864348
dsgdb9nsd_000041,2,O,0.6975894438,-0.4634413956,1.168689786
dsgdb9nsd_000041,3,C,0.7668849139,-1.865081826,1.246026692
dsgdb9nsd_000041,4,H,1.01445476,1.904237988,0.0299601808
dsgdb9nsd_000041,5,H,-0.5299086599,1.891840591,-0.8472691148
dsgdb9nsd_000041,6,H,-0.5126376519,1.878058426,0.9287542375
dsgdb9nsd_000041,7,H,-1.015995069,-0.4099872881,0.0071428235
dsgdb9nsd_000041,8,H,0.5109314318,-0.3836943515,-0.8921939464
dsgdb9nsd_000041,9,H,-0.2341584086,-2.324514888,1.289777796
dsgdb9nsd_000041,10,H,1.301292759,-2.298536628,0.3848609518
dsgdb9nsd_000041,11,H,1.309902871,-2.118119976,2.160132058
dsgdb9nsd_000042,0,O,-0.0141873452,1.426422417,-0.0542365107
dsgdb9nsd_000042,1,C,-0.003918394,0.0071771432,0.0349606216
dsgdb9nsd_000042,2,C,-1.423170191,-0.5556060013,-0.0125663926
dsgdb9nsd_000042,3,O,-2.112294132,-0.1056387482,-1.172283128
dsgdb9nsd_000042,4,H,-0.1898788211,1.641547051,-0.9755514801
dsgdb9nsd_000042,5,H,0.5965950414,-0.4331542952,-0.7740909498
dsgdb9nsd_000042,6,H,0.4731111572,-0.2490373319,0.9874721596
dsgdb9nsd_000042,7,H,-1.394948591,-1.649752792,-0.0628318813
dsgdb9nsd_000042,8,H,-1.964974172,-0.2721691543,0.9013197201
dsgdb9nsd_000042,9,H,-2.359259913,0.8094439625,-1.006145969
dsgdb9nsd_000043,0,C,-0.0360224463,1.520929487,0.0156916075
dsgdb9nsd_000043,1,C,0.0193848675,0.0100440302,0.0481495287
dsgdb9nsd_000043,2,C,1.308916714,-0.7125199489,-0.2492041635
dsgdb9nsd_000043,3,C,0.7534742272,-0.7026771391,1.155646764
dsgdb9nsd_000043,4,H,0.9010569135,1.953892909,0.3828333785
dsgdb9nsd_000043,5,H,-0.1964036457,1.894373688,-1.00208569
dsgdb9nsd_000043,6,H,-0.8468527271,1.9058893,0.6445132187
dsgdb9nsd_000043,7,H,-0.8841680906,-0.4800188933,-0.3056633472
dsgdb9nsd_000043,8,H,1.269009009,-1.639030678,-0.8115037082
dsgdb9nsd_000043,9,H,2.190107382,-0.1113120949,-0.4492751334
dsgdb9nsd_000043,10,H,1.262488623,-0.0948745526,1.896900276
dsgdb9nsd_000043,11,H,0.3354083636,-1.622489177,1.549806949
dsgdb9nsd_000044,0,C,-0.016463427,1.518307049,0.0077144513
dsgdb9nsd_000044,1,C,-0.0274322683,0.0165769416,-0.1088974085
dsgdb9nsd_000044,2,C,0.7729655287,-0.7013188571,-1.108631152
dsgdb9nsd_000044,3,O,1.172122929,-0.667029688,0.2627882891
dsgdb9nsd_000044,4,H,0.9186598033,1.929142173,-0.3828587993
dsgdb9nsd_000044,5,H,-0.8515801425,1.954565063,-0.5510945965
dsgdb9nsd_000044,6,H,-0.1148770196,1.825964702,1.053977765
dsgdb9nsd_000044,7,H,-0.9358259801,-0.4735060008,0.2468279306
dsgdb9nsd_000044,8,H,0.4444392202,-1.672014948,-1.47810622
dsgdb9nsd_000044,9,H,1.405382836,-0.1360033938,-1.79271491
dsgdb9nsd_000045,0,C,-0.0527554057,1.47419574,0.0099910766
dsgdb9nsd_000045,1,N,0.0194051596,0.0218994726,0.0633486576
dsgdb9nsd_000045,2,C,1.325110481,-0.5644684959,-0.2142072495
dsgdb9nsd_000045,3,C,0.7805175872,-0.5405799284,1.172427598
dsgdb9nsd_000045,4,H,0.8678420184,1.971760759,0.3629728511
dsgdb9nsd_000045,5,H,-0.2384515466,1.790950053,-1.021428662
dsgdb9nsd_000045,6,H,-0.8868344802,1.819389592,0.6295039812
dsgdb9nsd_000045,7,H,1.319929094,-1.481867821,-0.7960203785
dsgdb9nsd_000045,8,H,2.152028196,0.1102020383,-0.4328524846
dsgdb9nsd_000045,9,H,1.245635697,0.1499609842,1.87499245
dsgdb9nsd_000045,10,H,0.3701335798,-1.440204474,1.622333651
dsgdb9nsd_000046,0,O,0.2157758326,1.353868589,-0.1069510704
dsgdb9nsd_000046,1,C,0.0162809875,-0.028327177,-0.029156937
dsgdb9nsd_000046,2,C,-0.3908146491,-0.7149700947,1.243156694
dsgdb9nsd_000046,3,C,-1.351181379,-0.6428038011,0.0627358869
dsgdb9nsd_000046,4,H,-0.4364233821,1.790628493,0.4500676136
dsgdb9nsd_000046,5,H,0.7498116692,-0.5240404965,-0.6562476705
dsgdb9nsd_000046,6,H,0.0595937537,-1.668404826,1.497292369
dsgdb9nsd_000046,7,H,-0.6136935343,-0.0884800645,2.101706405
dsgdb9nsd_000046,8,H,-2.198219323,0.0305843011,0.1541145076
dsgdb9nsd_000046,9,H,-1.563959116,-1.546404263,-0.4982651479
dsgdb9nsd_000047,0,C,-0.0254295715,1.540325777,-0.0421594388
dsgdb9nsd_000047,1,C,1.525643995,1.504199888,0.0412127589
dsgdb9nsd_000047,2,C,1.421467274,0.0614679043,0.6084488507
dsgdb9nsd_000047,3,C,-0.026388329,-0.0107095612,0.0493508773
dsgdb9nsd_000047,4,H,-0.4659137201,1.996398937,0.8496289378
dsgdb9nsd_000047,5,H,-0.4790023915,2.00028207,-0.923653892
dsgdb9nsd_000047,6,H,1.982482781,1.513753338,-0.953031827
dsgdb9nsd_000047,7,H,2.021913653,2.25986579,0.6552212858
dsgdb9nsd_000047,8,H,2.142916786,-0.6795635768,0.2553147962
dsgdb9nsd_000047,9,H,1.43105853,0.0575147869,1.702618791
dsgdb9nsd_000047,10,H,-0.7905344019,-0.4853029618,0.6699657311
dsgdb9nsd_000047,11,H,-0.0523324543,-0.472384461,-0.9423639408
dsgdb9nsd_000048,0,C,-0.0348978893,1.552594545,-0.085076909
dsgdb9nsd_000048,1,C,1.493491831,1.454597003,0.1011467722
dsgdb9nsd_000048,2,O,1.427258843,0.0234899002,0.2725488563
dsgdb9nsd_000048,3,C,-0.0063475762,0.0223649401,0.1094463006
dsgdb9nsd_000048,4,H,-0.5657920959,2.113017206,0.6859152725
dsgdb9nsd_000048,5,H,-0.3662835212,1.893933797,-1.066923274
dsgdb9nsd_000048,6,H,2.100317237,1.735257199,-0.768983487
dsgdb9nsd_000048,7,H,1.900230902,1.955066114,0.9889674805
dsgdb9nsd_000048,8,H,-0.5198784877,-0.3559517926,1.002359485
dsgdb9nsd_000048,9,H,-0.3197006222,-0.5756742104,-0.7555927472
dsgdb9nsd_000049,0,C,-0.1025537032,1.499071274,-0.0013364225
dsgdb9nsd_000049,1,C,-0.0051977391,-0.0034311418,-0.0272346955
dsgdb9nsd_000049,2,C,-0.0068853597,-0.7689073987,1.264347443
dsgdb9nsd_000049,3,N,0.0818679901,-0.6920279094,-1.10087306
dsgdb9nsd_000049,4,O,0.0743906678,0.132153945,-2.241952578
dsgdb9nsd_000049,5,H,0.7834209303,1.946908615,-0.4635404957
dsgdb9nsd_000049,6,H,-0.9615043039,1.83614082,-0.5902196486
dsgdb9nsd_000049,7,H,-0.1985417291,1.874629894,1.019316068
dsgdb9nsd_000049,8,H,-0.9262001248,-0.5729794561,1.829824795
dsgdb9nsd_000049,9,H,0.0725615375,-1.840647823,1.075168628
dsgdb9nsd_000049,10,H,0.8293717753,-0.4555334013,1.90133089
dsgdb9nsd_000049,11,H,0.1397592387,-0.5125429873,-2.953892604
dsgdb9nsd_000050,0,N,-0.0082969396,1.353628376,0.0099597114
dsgdb9nsd_000050,1,C,1.280332541,1.824574214,-0.0002245919
dsgdb9nsd_000050,2,C,2.122166391,0.7369889796,-0.0144560017
dsgdb9nsd_000050,3,C,1.308499041,-0.4310958031,-0.0128415387
dsgdb9nsd_000050,4,C,-0.0034278156,-0.0183688392,0.0023573641
dsgdb9nsd_000050,5,H,-0.8324323359,1.927726682,0.0212299459
dsgdb9nsd_000050,6,H,1.484718203,2.883126301,0.0035431347
dsgdb9nsd_000050,7,H,3.200669182,0.7734307713,-0.0248841554
dsgdb9nsd_000050,8,H,1.648105995,-1.455396826,-0.0218039432
dsgdb9nsd_000050,9,H,-0.925516472,-0.5769705361,0.0083940248
dsgdb9nsd_000051,0,N,-0.0099608956,1.356361722,0.0100085491
dsgdb9nsd_000051,1,C,1.295354217,1.795755777,-0.0004701666
dsgdb9nsd_000051,2,C,2.055505193,0.6563743767,-0.0142292703
dsgdb9nsd_000051,3,N,1.25385745,-0.4627513199,-0.0126089443
dsgdb9nsd_000051,4,C,0.0230117025,-0.0070638215,0.0020014625
dsgdb9nsd_000051,5,H,-0.8319571811,1.936184357,0.021325745
dsgdb9nsd_000051,6,H,1.545539609,2.843449979,0.0028905368
dsgdb9nsd_000051,7,H,3.131774336,0.5756976557,-0.0252415521
dsgdb9nsd_000051,8,H,-0.8766786409,-0.6041453057,0.0075079399
dsgdb9nsd_000052,0,O,-0.0325581853,1.350651297,0.009673761
dsgdb9nsd_000052,1,C,1.253192368,1.791677099,-0.0003035114
dsgdb9nsd_000052,2,C,2.116646812,0.7437562321,-0.0144149409
dsgdb9nsd_000052,3,C,1.303977958,-0.4385238686,-0.0128331612
dsgdb9nsd_000052,4,C,0.0162956801,-0.0077718531,0.001912939
dsgdb9nsd_000052,5,H,1.379510894,2.86161135,0.0042743276
dsgdb9nsd_000052,6,H,3.193764056,0.7986550126,-0.024586037
dsgdb9nsd_000052,7,H,1.638588929,-1.463832715,-0.0215694921
dsgdb9nsd_000052,8,H,-0.937362951,-0.5089992534,0.0084389051
dsgdb9nsd_000053,0,O,-0.0380829769,1.356439649,0.0097519256
dsgdb9nsd_000053,1,C,1.264969823,1.768553186,-0.000617439
dsgdb9nsd_000053,2,C,2.049557503,0.6663003289,-0.0140604728
dsgdb9nsd_000053,3,N,1.242270751,-0.4673206635,-0.0123754129
dsgdb9nsd_000053,4,C,0.040198201,0.0056157687,0.0018356903
dsgdb9nsd_000053,5,H,1.435139072,2.830952649,0.0034082325
dsgdb9nsd_000053,6,H,3.125328984,0.5978301503,-0.0248075717
dsgdb9nsd_000053,7,H,-0.8938770656,-0.5334215378,0.0079693479
dsgdb9nsd_000054,0,C,-0.0185902927,1.534862656,0.0103990436
dsgdb9nsd_000054,1,C,0.0021031962,-0.0041367248,0.0019697952
dsgdb9nsd_000054,2,C,0.7464395386,-0.5139075983,1.248876377
dsgdb9nsd_000054,3,C,-1.441901659,-0.5367361547,0.0131145689
dsgdb9nsd_000054,4,C,0.7223497068,-0.5004960583,-1.264456318
dsgdb9nsd_000054,5,H,0.9977692777,1.944205294,0.0043547439
dsgdb9nsd_000054,6,H,-0.5418188317,1.928414145,-0.8681991137
dsgdb9nsd_000054,7,H,-0.5275840238,1.918883759,0.9014852983
dsgdb9nsd_000054,8,H,0.2554957551,-0.176027279,2.168330666
dsgdb9nsd_000054,9,H,0.7781538944,-1.608923724,1.270889038
dsgdb9nsd_000054,10,H,1.779647859,-0.1497583374,1.269440352
dsgdb9nsd_000054,11,H,-1.998718946,-0.1888879379,-0.8640806634
dsgdb9nsd_000054,12,H,-1.459569092,-1.63227235,0.0064991561
dsgdb9nsd_000054,13,H,-1.980888266,-0.1997963912,0.9056158002
dsgdb9nsd_000054,14,H,1.754824733,-0.1355401842,-1.301180827
dsgdb9nsd_000054,15,H,0.7539698884,-1.595240359,-1.298222803
dsgdb9nsd_000054,16,H,0.213582211,-0.153438996,-2.170671813
dsgdb9nsd_000055,0,C,-0.0085599915,1.542701469,0.0015271699
dsgdb9nsd_000055,1,C,0.0050677976,0.0070263488,0.0185616025
dsgdb9nsd_000055,2,C,0.7613773109,-0.5183919609,1.247664435
dsgdb9nsd_000055,3,C,-1.420127743,-0.5493318327,-0.0211600848
dsgdb9nsd_000055,4,O,0.6259047686,-0.483637453,-1.176570566
dsgdb9nsd_000055,5,H,1.01361406,1.940207764,0.0028112842
dsgdb9nsd_000055,6,H,-0.5145966922,1.907024658,-0.8970578062
dsgdb9nsd_000055,7,H,-0.522148149,1.948825139,0.8791834391
dsgdb9nsd_000055,8,H,0.2813061273,-0.2016554804,2.179435981
dsgdb9nsd_000055,9,H,0.7996550594,-1.611317459,1.230225486
dsgdb9nsd_000055,10,H,1.790969163,-0.1407293531,1.260830026
dsgdb9nsd_000055,11,H,-1.938548293,-0.1991072369,-0.9182828117
dsgdb9nsd_000055,12,H,-1.399376324,-1.642590623,-0.0456383289
dsgdb9nsd_000055,13,H,-1.988507254,-0.2305965608,0.8572652044
dsgdb9nsd_000055,14,H,1.531111879,-0.1548804601,-1.192102219
dsgdb9nsd_000056,0,C,-0.00693851,1.495595673,-0.0106335836
dsgdb9nsd_000056,1,C,-0.0298617033,-0.0159462304,0.0624867323
dsgdb9nsd_000056,2,O,-0.0881523942,-0.6321506165,1.103348121
dsgdb9nsd_000056,3,C,0.0233698099,-0.7025674681,-1.22062379
dsgdb9nsd_000056,4,C,0.0673813248,-1.260583412,-2.286231294
dsgdb9nsd_000056,5,H,0.9042980588,1.832818868,-0.5165538368
dsgdb9nsd_000056,6,H,-0.8533852403,1.855569256,-0.6055281932
dsgdb9nsd_000056,7,H,-0.05237764,1.910998072,0.9969594888
dsgdb9nsd_000056,8,H,0.1046686843,-1.770360471,-3.218326174
dsgdb9nsd_000057,0,C,-0.0117109712,1.499737759,-0.0121326782
dsgdb9nsd_000057,1,C,-0.0291973962,-0.0033874528,0.0715121771
dsgdb9nsd_000057,2,O,-0.0916402827,-0.6459292706,1.087322408
dsgdb9nsd_000057,3,C,0.0383110395,-0.6969025834,-1.23748557
dsgdb9nsd_000057,4,N,0.0913628619,-1.229826504,-2.262280679
dsgdb9nsd_000057,5,H,0.9009313161,1.833706704,-0.5181492776
dsgdb9nsd_000057,6,H,-0.8566393307,1.848643996,-0.6161813481
dsgdb9nsd_000057,7,H,-0.0641653967,1.921315422,0.9920381774
dsgdb9nsd_000059,0,N,-0.0413393221,1.336477895,0.0087787157
dsgdb9nsd_000059,1,C,0.0656844318,-0.0224966436,0.0011423448
dsgdb9nsd_000059,2,O,1.124202691,-0.6177774489,-0.0116131245
dsgdb9nsd_000059,3,C,-1.222827561,-0.7087485678,0.0097190711
dsgdb9nsd_000059,4,C,-2.263186269,-1.310956294,0.016438136
dsgdb9nsd_000059,5,H,0.8041486822,1.883101044,0.003741628
dsgdb9nsd_000059,6,H,-0.9341721071,1.79718316,0.0194988467
dsgdb9nsd_000059,7,H,-3.175032256,-1.856969323,0.0223261921
dsgdb9nsd_000060,0,C,-0.4312606647,1.305866642,-0.127585854
dsgdb9nsd_000060,1,C,0.2528571518,-0.0102698834,0.1313886667
dsgdb9nsd_000060,2,O,0.6987209906,-0.3689033322,1.196046902
dsgdb9nsd_000060,3,C,0.3897894266,-0.9677368037,-1.062262081
dsgdb9nsd_000060,4,O,-0.0161126781,-0.7156429312,-2.165837181
dsgdb9nsd_000060,5,H,0.1000656459,1.853244901,-0.9133259691
dsgdb9nsd_000060,6,H,-1.442704332,1.130693612,-0.5092337059
dsgdb9nsd_000060,7,H,-0.4675755362,1.895481578,0.7883647941
dsgdb9nsd_000060,8,H,0.9032988555,-1.915588453,-0.7953197215
dsgdb9nsd_000062,0,N,-0.0552547069,1.325485267,0.0089721093
dsgdb9nsd_000062,1,C,0.0891446291,-0.0292648192,0.0006744177
dsgdb9nsd_000062,2,O,1.146254319,-0.6155710582,-0.0118476614
dsgdb9nsd_000062,3,C,-1.265720304,-0.7662357949,0.009700817
dsgdb9nsd_000062,4,O,-1.34633733,-1.959937125,0.004631623
dsgdb9nsd_000062,5,H,0.7691565827,1.903871009,0.0044806226
dsgdb9nsd_000062,6,H,-0.9554229432,1.772386462,0.0197939724
dsgdb9nsd_000062,7,H,-2.171759436,-0.1139728518,0.0213774594
dsgdb9nsd_000063,0,C,-0.0176343381,1.548594677,-0.0025358376
dsgdb9nsd_000063,1,C,-0.0171917953,0.0073578922,0.0326960373
dsgdb9nsd_000063,2,C,0.7581846326,-0.5282015479,1.252788616
dsgdb9nsd_000063,3,C,-1.382133033,-0.5176843814,0.0077551557
dsgdb9nsd_000063,4,C,-2.507963924,-0.9400562892,0.0047855212
dsgdb9nsd_000063,5,H,1.009443961,1.926396126,-0.0263283039
dsgdb9nsd_000063,6,H,-0.5451461405,1.922170517,-0.8839345934
dsgdb9nsd_000063,7,H,-0.5124299994,1.95339892,0.8856064238
dsgdb9nsd_000063,8,H,0.4936617877,-0.3490415526,-0.8726589027
dsgdb9nsd_000063,9,H,0.2896845785,-0.1934537198,2.183346787
dsgdb9nsd_000063,10,H,0.7783339211,-1.621025058,1.257837267
dsgdb9nsd_000063,11,H,1.789524916,-0.1618172652,1.235749541
dsgdb9nsd_000063,12,H,-3.499982437,-1.318101648,-0.0072357227
dsgdb9nsd_000064,0,C,-0.0024235041,1.55035837,0.010561869
dsgdb9nsd_000064,1,C,-0.0185660005,0.0100435232,-0.0226177004
dsgdb9nsd_000064,2,C,-1.450453185,-0.5576617768,0.0129334671
dsgdb9nsd_000064,3,C,0.7012574878,-0.4858316837,-1.201727639
dsgdb9nsd_000064,4,N,1.261909456,-0.8712676578,-2.136197403
dsgdb9nsd_000064,5,H,1.019594965,1.936732146,0.0034966837
dsgdb9nsd_000064,6,H,-0.5297284365,1.961416385,-0.8549838617
dsgdb9nsd_000064,7,H,-0.5013425114,1.903468388,0.9175586202
dsgdb9nsd_000064,8,H,0.52481877,-0.3622245621,0.8552546184
dsgdb9nsd_000064,9,H,-2.024279034,-0.2142871644,-0.8525186947
dsgdb9nsd_000064,10,H,-1.444382962,-1.650269269,0.0075410673
dsgdb9nsd_000064,11,H,-1.958054944,-0.2172588177,0.9199676036
dsgdb9nsd_000065,0,C,-0.0106429484,1.541286906,0.007220872
dsgdb9nsd_000065,1,C,-0.0020381076,0.0075601467,0.0386346345
dsgdb9nsd_000065,2,N,0.7626867749,-0.4710182188,1.19250856
dsgdb9nsd_000065,3,C,-1.385419537,-0.5209925592,-0.0019409684
dsgdb9nsd_000065,4,N,-2.456808469,-0.9563607172,0.006949687
dsgdb9nsd_000065,5,H,1.020435227,1.901065891,0.003923646
dsgdb9nsd_000065,6,H,-0.5287316127,1.911934524,-0.8803148015
dsgdb9nsd_000065,7,H,-0.5184953639,1.941504314,0.8901319692
dsgdb9nsd_000065,8,H,0.504188281,-0.3580550036,-0.8627607195
dsgdb9nsd_000065,9,H,0.3007068147,-0.1836493372,2.051553052
dsgdb9nsd_000065,10,H,0.7814899219,-1.486702987,1.204281829
dsgdb9nsd_000066,0,C,-0.0075427844,1.555661438,0.0865063259
dsgdb9nsd_000066,1,C,0.0120754086,0.0209655323,0.0493591643
dsgdb9nsd_000066,2,O,-1.291502514,-0.5278512765,0.221263864
dsgdb9nsd_000066,3,C,0.6509336248,-0.477186509,-1.174305069
dsgdb9nsd_000066,4,C,1.139026733,-0.8657734317,-2.202055178
dsgdb9nsd_000066,5,H,1.008242427,1.959694585,0.0492973349
dsgdb9nsd_000066,6,H,-0.5627224526,1.951920102,-0.7697808526
dsgdb9nsd_000066,7,H,-0.4932816104,1.889294379,1.007041232
dsgdb9nsd_000066,8,H,0.5781196674,-0.3446490661,0.9145886439
dsgdb9nsd_000066,9,H,-1.785165323,-0.3590326172,-0.5890939985
dsgdb9nsd_000066,10,H,1.580788773,-1.223650605,-3.099194467
dsgdb9nsd_000067,0,C,-0.0099246231,1.549519081,0.0073219962
dsgdb9nsd_000067,1,C,0.007404854,0.0172201996,0.0503126972
dsgdb9nsd_000067,2,O,0.7208572187,-0.4963047879,1.158645827
dsgdb9nsd_000067,3,C,-1.369950951,-0.5235592867,0.0089443174
dsgdb9nsd_000067,4,N,-2.450815722,-0.9323313769,0.0071691167
dsgdb9nsd_000067,5,H,1.018923137,1.91630447,0.0272414869
dsgdb9nsd_000067,6,H,-0.5026148964,1.909693619,-0.8999795105
dsgdb9nsd_000067,7,H,-0.5480042554,1.953776113,0.8705366377
dsgdb9nsd_000067,8,H,0.5360284572,-0.3649419486,-0.8297094521
dsgdb9nsd_000067,9,H,0.2770264307,-0.2064453419,1.964217733
dsgdb9nsd_000068,0,C,-0.0262964684,1.538771157,-0.0078374735
dsgdb9nsd_000068,1,C,0.0146890426,0.0009531038,0.0016603687
dsgdb9nsd_000068,2,C,0.7473786206,-0.5338885943,1.244204714
dsgdb9nsd_000068,3,C,-1.402112642,-0.5385925661,-0.015578197
dsgdb9nsd_000068,4,O,-1.876204545,-1.235823508,-0.8739955942
dsgdb9nsd_000068,5,H,0.9882369571,1.946250804,0.0370552186
dsgdb9nsd_000068,6,H,-0.5072508977,1.921534219,-0.9128556537
dsgdb9nsd_000068,7,H,-0.5775651415,1.923608833,0.8579638573
dsgdb9nsd_000068,8,H,0.5058467992,-0.3642109081,-0.9061912393
dsgdb9nsd_000068,9,H,0.2295837958,-0.2390940328,2.164310519
dsgdb9nsd_000068,10,H,0.8169273582,-1.625594988,1.229734383
dsgdb9nsd_000068,11,H,1.762671529,-0.1284656594,1.290507547
dsgdb9nsd_000068,12,H,-2.008615098,-0.2279274198,0.8712166592
dsgdb9nsd_000069,0,C,-0.0548311805,1.460328426,-0.1706864684
dsgdb9nsd_000069,1,C,0.071057139,-0.0352448534,0.1122584065
dsgdb9nsd_000069,2,O,0.5820448614,-0.3331665587,1.401762556
dsgdb9nsd_000069,3,C,-1.276392786,-0.7438302732,0.0305118522
dsgdb9nsd_000069,4,O,-2.118557752,-0.4964317481,-0.7916341176
dsgdb9nsd_000069,5,H,0.9315807179,1.930913978,-0.2335320422
dsgdb9nsd_000069,6,H,-0.577139947,1.612909395,-1.118355617
dsgdb9nsd_000069,7,H,-0.624443149,1.94776119,0.6257367034
dsgdb9nsd_000069,8,H,0.6968752061,-0.5007162032,-0.6715947124
dsgdb9nsd_000069,9,H,1.456033156,0.0606665906,1.478585843
dsgdb9nsd_000069,10,H,-1.407232167,-1.533886273,0.8021118064
dsgdb9nsd_000070,0,C,-0.0977649852,1.449172684,0.0456198436
dsgdb9nsd_000070,1,N,0.0104305285,0.0037381798,-0.0007060021
dsgdb9nsd_000070,2,C,0.0532302782,-0.7143211245,1.252648905
dsgdb9nsd_000070,3,C,0.0672871579,-0.6406722467,-1.200607778
dsgdb9nsd_000070,4,O,0.0363643221,-0.1100651522,-2.29109228
dsgdb9nsd_000070,5,H,0.7565066013,1.887471091,0.5764742123
dsgdb9nsd_000070,6,H,-0.1164857683,1.816321034,-0.9804917213
dsgdb9nsd_000070,7,H,-1.016411059,1.755215479,0.5615141529
dsgdb9nsd_000070,8,H,-0.8545355567,-0.5365767497,1.843901684
dsgdb9nsd_000070,9,H,0.1329772232,-1.786963357,1.058513514
dsgdb9nsd_000070,10,H,0.9163734795,-0.4073784559,1.857613445
dsgdb9nsd_000070,11,H,0.1476223984,-1.738013391,-1.068051386
dsgdb9nsd_000071,0,C,-0.01708808,1.442811356,0.0322550105
dsgdb9nsd_000071,1,C,-0.0554454195,-0.0656057159,-0.0237599869
dsgdb9nsd_000071,2,O,-0.1737991281,-0.7619623343,0.9622312896
dsgdb9nsd_000071,3,C,0.0606810706,-0.7361517861,-1.388252517
dsgdb9nsd_000071,4,O,0.0087777131,-2.125743901,-1.27749486
dsgdb9nsd_000071,5,H,0.9206294957,1.814639132,-0.3952221492
dsgdb9nsd_000071,6,H,-0.8305052264,1.86542281,-0.5678035028
dsgdb9nsd_000071,7,H,-0.109119755,1.780490452,1.064936748
dsgdb9nsd_000071,8,H,-0.7501506723,-0.3523506008,-2.030560741
dsgdb9nsd_000071,9,H,1.003128984,-0.4038902888,-1.855929415
dsgdb9nsd_000071,10,H,-0.0906325517,-2.294509603,-0.3260801868
dsgdb9nsd_000072,0,C,-0.0438410206,1.540997928,-0.0391381448
dsgdb9nsd_000072,1,C,0.0276513168,0.0188581665,0.0477877255
dsgdb9nsd_000072,2,C,0.7681464421,-0.4884221754,1.280008471
dsgdb9nsd_000072,3,C,0.8785020847,-1.997463118,1.423933232
dsgdb9nsd_000072,4,O,1.241791418,0.2665133994,2.097887025
dsgdb9nsd_000072,5,H,0.9579645387,1.976901976,-0.0681601165
dsgdb9nsd_000072,6,H,-0.5844771694,1.853560314,-0.9369036936
dsgdb9nsd_000072,7,H,-0.5517362558,1.957377588,0.8344052943
dsgdb9nsd_000072,8,H,-0.976928243,-0.4270987744,0.0535317769
dsgdb9nsd_000072,9,H,0.5185348649,-0.4080650708,-0.8380940874
dsgdb9nsd_000072,10,H,1.399249803,-2.426781884,0.56053177
dsgdb9nsd_000072,11,H,1.420011869,-2.24449367,2.337764259
dsgdb9nsd_000072,12,H,-0.1175060181,-2.453606511,1.451419648
dsgdb9nsd_000073,0,C,-0.0022014398,1.533443287,-0.0596036936
dsgdb9nsd_000073,1,C,-0.0323583669,0.0120616696,0.0684026475
dsgdb9nsd_000073,2,C,0.6966608638,-0.4819646235,1.318283216
dsgdb9nsd_000073,3,N,0.9810400725,-1.820341617,1.31984698
dsgdb9nsd_000073,4,O,1.003921243,0.2460623174,2.241367489
dsgdb9nsd_000073,5,H,1.021111896,1.895251691,-0.1918267184
dsgdb9nsd_000073,6,H,-0.5970720384,1.862064271,-0.9164560411
dsgdb9nsd_000073,7,H,-0.3972883887,1.999207123,0.8454520117
dsgdb9nsd_000073,8,H,-1.06936083,-0.3455293485,0.1304080595
dsgdb9nsd_000073,9,H,0.3994716489,-0.4690681808,-0.8177701986
dsgdb9nsd_000073,10,H,0.6328195115,-2.439176468,0.6087478456
dsgdb9nsd_000073,11,H,1.357080138,-2.222177932,2.163035222
dsgdb9nsd_000074,0,C,0.0061994093,1.459332019,-0.0389385862
dsgdb9nsd_000074,1,N,-0.0641161621,0.0142296326,-0.1204690143
dsgdb9nsd_000074,2,C,-1.205953943,-0.6819679577,0.1611711988
dsgdb9nsd_000074,3,C,-1.089827038,-2.192848986,0.0209577538
dsgdb9nsd_000074,4,O,-2.244829106,-0.1444307696,0.4999441812
dsgdb9nsd_000074,5,H,0.7505398902,1.783725204,0.6971557268
dsgdb9nsd_000074,6,H,0.2569200085,1.903952634,-1.008762147
dsgdb9nsd_000074,7,H,-0.9785602586,1.811214378,0.2708219371
dsgdb9nsd_000074,8,H,0.7582098171,-0.4954366049,-0.394640241
dsgdb9nsd_000074,9,H,-0.0990970338,-2.535431035,-0.2897000333
dsgdb9nsd_000074,10,H,-1.34097671,-2.653958511,0.9797288543
dsgdb9nsd_000074,11,H,-1.829031004,-2.534839353,-0.7081307605
dsgdb9nsd_000075,0,C,0.0092263044,1.450218142,-0.0319454346
dsgdb9nsd_000075,1,N,-0.0142948796,-0.0005464555,-0.017826674
dsgdb9nsd_000075,2,C,-1.215765794,-0.6725240277,0.04421896
dsgdb9nsd_000075,3,N,-1.097333519,-2.046448983,-0.1599774097
dsgdb9nsd_000075,4,O,-2.285992993,-0.1289371098,0.2419602655
dsgdb9nsd_000075,5,H,0.8965903754,1.818850224,0.4912094852
dsgdb9nsd_000075,6,H,0.0023395018,1.863885036,-1.049141546
dsgdb9nsd_000075,7,H,-0.8856268379,1.799433465,0.483532982
dsgdb9nsd_000075,8,H,0.7525730521,-0.4750663094,-0.4671926488
dsgdb9nsd_000075,9,H,-0.2488233331,-2.487721941,0.163756536
dsgdb9nsd_000075,10,H,-1.934196097,-2.538983931,0.1148288047
dsgdb9nsd_000076,0,C,-0.0916069514,1.37540046,-0.0072942591
dsgdb9nsd_000076,1,O,-0.0696453372,-0.0483158103,-0.1114881209
dsgdb9nsd_000076,2,C,0.6811462531,-0.5614267288,-1.107324576
dsgdb9nsd_000076,3,C,0.6040529833,-2.067015499,-1.087668924
dsgdb9nsd_000076,4,N,1.326455333,0.1926634321,-1.899677312
dsgdb9nsd_000076,5,H,0.9146391568,1.768436549,0.1625746035
dsgdb9nsd_000076,6,H,-0.4856282569,1.826246147,-0.9223521639
dsgdb9nsd_000076,7,H,-0.739714304,1.600074234,0.8411060529
dsgdb9nsd_000076,8,H,-0.4343006504,-2.392421618,-1.203252047
dsgdb9nsd_000076,9,H,1.206271104,-2.500499774,-1.887456395
dsgdb9nsd_000076,10,H,0.9565133742,-2.449766702,-0.1250183847
dsgdb9nsd_000076,11,H,1.835041146,-0.3610436113,-2.584860554
dsgdb9nsd_000077,0,C,0.0729525429,1.388409192,0.0644204587
dsgdb9nsd_000077,1,O,0.2104911438,-0.0374002825,0.0461273579
dsgdb9nsd_000077,2,C,0.5010280504,-0.5722428814,-1.159753459
dsgdb9nsd_000077,3,C,0.6221871489,-2.073783229,-1.06030684
dsgdb9nsd_000077,4,O,0.6392215379,0.0822441797,-2.161573248
dsgdb9nsd_000077,5,H,1.000297203,1.870625701,-0.255320639
dsgdb9nsd_000077,6,H,-0.7333895655,1.707820895,-0.6008045417
dsgdb9nsd_000077,7,H,-0.1575128017,1.651540598,1.09692954
dsgdb9nsd_000077,8,H,-0.3133000098,-2.502028511,-0.6894190647
dsgdb9nsd_000077,9,H,0.8564658848,-2.484302746,-2.041573516
dsgdb9nsd_000077,10,H,1.406516846,-2.340554955,-0.3463430074
dsgdb9nsd_000078,0,C,-0.0264577138,1.383057535,0.0208565982
dsgdb9nsd_000078,1,O,0.041395659,-0.0443950268,-0.0027745202
dsgdb9nsd_000078,2,C,0.6677533829,-0.5600162492,-1.090003438
dsgdb9nsd_000078,3,N,0.7260506332,-1.922199833,-0.9882295382
dsgdb9nsd_000078,4,O,1.129523812,0.0964814339,-1.993221805
dsgdb9nsd_000078,5,H,0.9752977936,1.820443067,0.0238730558
dsgdb9nsd_000078,6,H,-0.5708569818,1.762146207,-0.8479042532
dsgdb9nsd_000078,7,H,-0.5541072228,1.638357305,0.9404359441
dsgdb9nsd_000078,8,H,0.1266269616,-2.384015897,-0.3256692892
dsgdb9nsd_000078,9,H,0.9723006956,-2.417984212,-1.827325735
dsgdb9nsd_000079,0,N,-0.0811560708,1.318070261,0.0127674216
dsgdb9nsd_000079,1,C,0.0544225853,-0.0447773257,0.0815538817
dsgdb9nsd_000079,2,O,1.121630735,-0.5978394955,0.2094055294
dsgdb9nsd_000079,3,C,-1.286877864,-0.7901164217,0.0617843484
dsgdb9nsd_000079,4,O,-1.046051135,-2.13954195,-0.2395715766
dsgdb9nsd_000079,5,H,0.7662336557,1.859911285,-0.0448342532
dsgdb9nsd_000079,6,H,-0.9302134621,1.745674475,-0.3156561516
dsgdb9nsd_000079,7,H,-1.745596962,-0.6552133421,1.055266996
dsgdb9nsd_000079,8,H,-1.960260612,-0.311492219,-0.6702625628
dsgdb9nsd_000079,9,H,-1.856372961,-2.630176456,-0.0762547829
dsgdb9nsd_000081,0,C,0.0012130938,1.549438379,0.0195241535
dsgdb9nsd_000081,1,C,-0.0008371243,0.0169912989,-0.0337470421
dsgdb9nsd_000081,2,C,-1.424601628,-0.5500306078,0.006703726
dsgdb9nsd_000081,3,C,0.7414980048,-0.494638405,-1.268254606
dsgdb9nsd_000081,4,O,2.09147597,-0.0569419007,-1.199748894
dsgdb9nsd_000081,5,H,1.020797933,1.93724468,-0.0348900499
dsgdb9nsd_000081,6,H,-0.5659313486,1.968447804,-0.8212221272
dsgdb9nsd_000081,7,H,-0.4601438127,1.911923789,0.943898841
dsgdb9nsd_000081,8,H,0.5496530746,-0.3580898289,0.8397885535
dsgdb9nsd_000081,9,H,-2.006949385,-0.2164537714,-0.8608423581
dsgdb9nsd_000081,10,H,-1.424437669,-1.645442459,0.0078949397
dsgdb9nsd_000081,11,H,-1.952954483,-0.215054559,0.9047398024
dsgdb9nsd_000081,12,H,0.6857064618,-1.594887763,-1.302165405
dsgdb9nsd_000081,13,H,0.2454968011,-0.112888155,-2.177133
dsgdb9nsd_000081,14,H,2.537880241,-0.3281258906,-2.006605514
dsgdb9nsd_000082,0,C,-0.027751673,1.534214334,0.0065115145
dsgdb9nsd_000082,1,C,0.0834324601,0.0121827739,0.0525898593
dsgdb9nsd_000082,2,O,0.9585639226,-0.4820071004,-0.966941128
dsgdb9nsd_000082,3,C,0.697675738,-0.4951645124,1.359488117
dsgdb9nsd_000082,4,O,2.022470616,-0.028425302,1.522221859
dsgdb9nsd_000082,5,H,0.9433376279,1.988414336,0.2184158917
dsgdb9nsd_000082,6,H,-0.3732051553,1.873540414,-0.977169084
dsgdb9nsd_000082,7,H,-0.7477381715,1.892563936,0.7492685346
dsgdb9nsd_000082,8,H,-0.9167184788,-0.4369703559,-0.0604052842
dsgdb9nsd_000082,9,H,0.7672671003,-0.0141217672,-1.785020427
dsgdb9nsd_000082,10,H,0.1165000206,-0.1335191383,2.213924306
dsgdb9nsd_000082,11,H,0.6581468496,-1.595634453,1.362744736
dsgdb9nsd_000082,12,H,2.463785664,-0.2276247643,0.6869843061
dsgdb9nsd_000083,0,C,0.0587903495,1.561741689,-0.0194523998
dsgdb9nsd_000083,1,C,-0.015440239,0.0318230557,0.0030833151
dsgdb9nsd_000083,2,C,-1.441032371,-0.5486202833,0.0502862937
dsgdb9nsd_000083,3,C,-1.407770074,-2.072310296,-0.1301201031
dsgdb9nsd_000083,4,C,-2.184005289,-0.1765975855,1.341143025
dsgdb9nsd_000083,5,H,1.094356377,1.902336068,-0.1190007232
dsgdb9nsd_000083,6,H,-0.5068956631,1.972173186,-0.8638809838
dsgdb9nsd_000083,7,H,-0.3440795055,2.006280822,0.8957952222
dsgdb9nsd_000083,8,H,0.4892675776,-0.3601121367,-0.8895390153
dsgdb9nsd_000083,9,H,0.5525493766,-0.3513944606,0.8626988712
dsgdb9nsd_000083,10,H,-2.000315746,-0.1215368245,-0.7955968405
dsgdb9nsd_000083,11,H,-0.8550113065,-2.550658105,0.6877543828
dsgdb9nsd_000083,12,H,-2.417875134,-2.495436282,-0.1372012715
dsgdb9nsd_000083,13,H,-0.91928762,-2.35363802,-1.069140144
dsgdb9nsd_000083,14,H,-3.191001974,-0.6069955903,1.351370507
dsgdb9nsd_000083,15,H,-1.651972936,-0.5601058436,2.220634806
dsgdb9nsd_000083,16,H,-2.287937594,0.9057513156,1.460795717
dsgdb9nsd_000084,0,C,-0.0384122739,1.556213956,0.0093583711
dsgdb9nsd_000084,1,C,0.0190713549,0.0271607936,-0.0207420337
dsgdb9nsd_000084,2,C,0.7314150616,-0.5270932838,-1.254544222
dsgdb9nsd_000084,3,C,0.8397586786,-2.052069726,-1.228726548
dsgdb9nsd_000084,4,O,-0.0122646966,-0.0851439391,-2.389737582
dsgdb9nsd_000084,5,H,0.9684566397,1.988634243,0.0352623359
dsgdb9nsd_000084,6,H,-0.5437700638,1.938241337,-0.8807440679
dsgdb9nsd_000084,7,H,-0.5765295543,1.913833865,0.8925669784
dsgdb9nsd_000084,8,H,0.5316686733,-0.3499148575,0.8724099871
dsgdb9nsd_000084,9,H,-0.9972718631,-0.3863865384,-0.0018528883
dsgdb9nsd_000084,10,H,1.749093455,-0.0994302533,-1.288261838
dsgdb9nsd_000084,11,H,1.341439681,-2.42487137,-2.129576235
dsgdb9nsd_000084,12,H,1.418220116,-2.392291078,-0.3634087105
dsgdb9nsd_000084,13,H,-0.1561676504,-2.504438592,-1.18308875
dsgdb9nsd_000084,14,H,0.430908252,-0.4090161566,-3.179796416
dsgdb9nsd_000085,0,C,-0.0085760478,1.380978329,0.0945466951
dsgdb9nsd_000085,1,O,-0.0225510605,-0.0073946113,-0.1306257644
dsgdb9nsd_000085,2,C,-1.30243341,-0.6199780535,-0.0208830923
dsgdb9nsd_000085,3,C,-1.186872855,-1.978857513,-0.7030391811
dsgdb9nsd_000085,4,C,-1.755878239,-0.7466275965,1.437145081
dsgdb9nsd_000085,5,H,1.003215496,1.732580873,-0.1244349624
dsgdb9nsd_000085,6,H,-0.7151146831,1.908382749,-0.5667427996
dsgdb9nsd_000085,7,H,-0.2490906457,1.649672368,1.133846808
dsgdb9nsd_000085,8,H,-2.037379782,-0.0043224087,-0.5688419809
dsgdb9nsd_000085,9,H,-0.4479277926,-2.599456046,-0.1859686979
dsgdb9nsd_000085,10,H,-2.147510412,-2.50225525,-0.6910258135
dsgdb9nsd_000085,11,H,-0.8652421244,-1.858606787,-1.740778357
dsgdb9nsd_000085,12,H,-2.733214824,-1.23674908,1.492051171
dsgdb9nsd_000085,13,H,-1.036213499,-1.344838276,2.005446707
dsgdb9nsd_000085,14,H,-1.848984101,0.2293548332,1.921980867
dsgdb9nsd_000086,0,C,-0.0391320385,1.504563054,0.049789134
dsgdb9nsd_000086,1,C,0.0098585642,-0.0111387962,0.0124861886
dsgdb9nsd_000086,2,C,-1.241679811,-0.666630443,-0.5398997854
dsgdb9nsd_000086,3,C,1.338033871,-0.6689574802,-0.2740043043
dsgdb9nsd_000086,4,C,0.7512644169,-0.722215861,1.118625713
dsgdb9nsd_000086,5,H,0.8863303999,1.924900402,0.4557935831
dsgdb9nsd_000086,6,H,-0.1818387829,1.920457428,-0.9548929106
dsgdb9nsd_000086,7,H,-0.8683207582,1.858157181,0.6743964837
dsgdb9nsd_000086,8,H,-1.435708895,-0.3434438724,-1.569764108
dsgdb9nsd_000086,9,H,-1.153267572,-1.757577996,-0.5443383228
dsgdb9nsd_000086,10,H,-2.122214163,-0.4057081966,0.0595136103
dsgdb9nsd_000086,11,H,1.34398374,-1.582352077,-0.8600508441
dsgdb9nsd_000086,12,H,2.201968975,-0.0332908426,-0.4392932599
dsgdb9nsd_000086,13,H,1.219495765,-0.1224601776,1.892465798
dsgdb9nsd_000086,14,H,0.3615331904,-1.671537173,1.471719315
dsgdb9nsd_000087,0,C,-0.0397033023,1.509549978,-0.0411223315
dsgdb9nsd_000087,1,C,-0.0302355596,-0.0033532943,-0.0649836137
dsgdb9nsd_000087,2,C,-1.24613189,-0.6835664803,0.5253118981
dsgdb9nsd_000087,3,C,0.7893720103,-0.7112919344,-1.060275586
dsgdb9nsd_000087,4,O,1.225467976,-0.6005903626,0.2971228268
dsgdb9nsd_000087,5,H,0.8899277162,1.909484781,-0.4529655786
dsgdb9nsd_000087,6,H,-0.8795272271,1.90350108,-0.623766423
dsgdb9nsd_000087,7,H,-0.1444857557,1.875906041,0.9860442878
dsgdb9nsd_000087,8,H,-2.152187265,-0.4101261558,-0.0262949471
dsgdb9nsd_000087,9,H,-1.13412584,-1.770054315,0.4974703152
dsgdb9nsd_000087,10,H,-1.385866313,-0.3805545263,1.568827573
dsgdb9nsd_000087,11,H,0.5071268958,-1.71386874,-1.380850182
dsgdb9nsd_000087,12,H,1.370881035,-0.1436932217,-1.786408529
dsgdb9nsd_000088,0,C,-0.0371405158,1.5321592,0.0133230995
dsgdb9nsd_000088,1,C,0.0134433485,0.021170195,0.0192200525
dsgdb9nsd_000088,2,O,-1.174761041,-0.5973528431,-0.409312596
dsgdb9nsd_000088,3,C,1.307447983,-0.6990210626,-0.2738964978
dsgdb9nsd_000088,4,C,0.7084474854,-0.7137350438,1.122263177
dsgdb9nsd_000088,5,H,0.8902686083,1.962402795,0.4027613524
dsgdb9nsd_000088,6,H,-0.1784615063,1.915612623,-1.005185224
dsgdb9nsd_000088,7,H,-0.8701123164,1.889552014,0.6273095332
dsgdb9nsd_000088,8,H,-1.283522647,-0.4022539112,-1.346906409
dsgdb9nsd_000088,9,H,1.23973813,-1.616421151,-0.8478377397
dsgdb9nsd_000088,10,H,2.205439926,-0.1152381975,-0.4474447411
dsgdb9nsd_000088,11,H,1.195391593,-0.1388983426,1.902402842
dsgdb9nsd_000088,12,H,0.2473543934,-1.636702406,1.453784801
dsgdb9nsd_000089,0,N,-0.0444515235,1.256235331,0.3168191481
dsgdb9nsd_000089,1,C,-0.0391455948,0.0491370954,-0.0167055788
dsgdb9nsd_000089,2,C,-1.087496192,-1.041644462,-0.1148803256
dsgdb9nsd_000089,3,C,0.0986968818,-1.907548436,-0.5822589359
dsgdb9nsd_000089,4,O,0.9964750825,-0.7630662945,-0.4402800956
dsgdb9nsd_000089,5,H,0.8893597981,1.664813497,0.2491689284
dsgdb9nsd_000089,6,H,-1.543241135,-1.322358122,0.8357217247
dsgdb9nsd_000089,7,H,-1.869100363,-0.8571383865,-0.853259098
dsgdb9nsd_000089,8,H,0.3973975349,-2.722273501,0.081587209
dsgdb9nsd_000089,9,H,0.069450801,-2.254183452,-1.617960836
dsgdb9nsd_000090,0,O,-0.0010174632,0.0184662767,-0.2011474152
dsgdb9nsd_000090,1,C,-0.0140581136,1.196580585,0.0020530625
dsgdb9nsd_000090,2,C,-1.135429113,2.229791478,0.2195798033
dsgdb9nsd_000090,3,C,-0.035008842,3.290976369,0.5305222254
dsgdb9nsd_000090,4,C,1.084696638,2.259477945,0.189943305
dsgdb9nsd_000090,5,H,-1.71642814,2.417726621,-0.6890107784
dsgdb9nsd_000090,6,H,-1.833927574,1.98415059,1.024442443
dsgdb9nsd_000090,7,H,-0.0553474053,4.175852637,-0.106709627
dsgdb9nsd_000090,8,H,-0.0254147695,3.613990481,1.57278917
dsgdb9nsd_000090,9,H,1.810743895,2.032885339,0.9757897269
dsgdb9nsd_000090,10,H,1.636008006,2.462553797,-0.7337624355
dsgdb9nsd_000091,0,O,0.0318413394,-0.034616825,0.0084983631
dsgdb9nsd_000091,1,C,-0.0244033439,1.164405333,0.0216081138
dsgdb9nsd_000091,2,C,-1.145413219,2.23712809,0.0301290142
dsgdb9nsd_000091,3,C,0.0092880492,3.279458779,0.0455775801
dsgdb9nsd_000091,4,N,0.9384383847,2.146521088,0.0355439604
dsgdb9nsd_000091,5,H,-1.77030529,2.237797304,-0.8642843666
dsgdb9nsd_000091,6,H,-1.776328089,2.217653855,0.9200793396
dsgdb9nsd_000091,7,H,0.0717056395,3.918635158,-0.8407219287
dsgdb9nsd_000091,8,H,0.0662260314,3.898266246,0.9465795244
dsgdb9nsd_000091,9,H,1.946168398,2.095357132,0.0385594495
dsgdb9nsd_000092,0,O,0.0442400375,0.0393324275,-0.3307110378
dsgdb9nsd_000092,1,C,-0.0485447886,1.174162296,0.0041007598
dsgdb9nsd_000092,2,C,-1.142116563,2.236118497,0.1533836123
dsgdb9nsd_000092,3,C,0.0233253779,3.123570104,0.616816249
dsgdb9nsd_000092,4,O,0.956638079,2.011901223,0.4260374555
dsgdb9nsd_000092,5,H,-1.625737546,2.514822116,-0.7840110201
dsgdb9nsd_000092,6,H,-1.900092128,1.995533865,0.9002866319
dsgdb9nsd_000092,7,H,0.2836807678,3.961727509,-0.032292867
dsgdb9nsd_000092,8,H,0.0078225032,3.439426552,1.661627246
dsgdb9nsd_000093,0,O,0.0005389127,0.0066547452,-0.0974304919
dsgdb9nsd_000093,1,C,-0.0137198975,1.192138813,0.0313993622
dsgdb9nsd_000093,2,C,-1.106686815,2.266122844,0.1724791349
dsgdb9nsd_000093,3,N,-0.0354344507,3.251234751,0.4853369318
dsgdb9nsd_000093,4,C,1.053286154,2.295215058,0.1438390396
dsgdb9nsd_000093,5,H,-1.650479704,2.427961749,-0.7688605373
dsgdb9nsd_000093,6,H,-1.836067858,2.113705299,0.9756741047
dsgdb9nsd_000093,7,H,-0.0543460021,4.071936089,-0.1072705077
dsgdb9nsd_000093,8,H,1.807542063,2.162779684,0.9273624966
dsgdb9nsd_000093,9,H,1.567379373,2.471302767,-0.8115268831
dsgdb9nsd_000094,0,O,-0.0003169236,0.0067632072,-0.1713977373
dsgdb9nsd_000094,1,C,-0.0141709816,1.186728653,-0.0098027859
dsgdb9nsd_000094,2,C,-1.082831196,2.276533811,0.1557409411
dsgdb9nsd_000094,3,O,-0.038561151,3.264604234,0.2751398568
dsgdb9nsd_000094,4,C,1.028572697,2.305156933,0.127743107
dsgdb9nsd_000094,5,H,-1.729238551,2.436475069,-0.7167127379
dsgdb9nsd_000094,6,H,-1.702198978,2.193467254,1.058007542
dsgdb9nsd_000094,7,H,1.673667809,2.239232928,1.013241793
dsgdb9nsd_000094,8,H,1.647050677,2.482245481,-0.7614835485
dsgdb9nsd_000095,0,C,-0.4700593384,1.44206547,-0.0668454791
dsgdb9nsd_000095,1,C,0.1428730562,0.05485144,0.0374798425
dsgdb9nsd_000095,2,C,1.372546928,-0.3029527274,-0.8467916824
dsgdb9nsd_000095,3,C,1.959479938,-1.093645608,0.3532603947
dsgdb9nsd_000095,4,C,0.9988743314,-0.3076878707,1.285630988
dsgdb9nsd_000095,5,H,0.2921083924,2.21844829,0.0684409998
dsgdb9nsd_000095,6,H,-0.9361460447,1.600946047,-1.046127993
dsgdb9nsd_000095,7,H,-1.241481613,1.597073532,0.6962759266
dsgdb9nsd_000095,8,H,-0.635173412,-0.7056013236,-0.1005509539
dsgdb9nsd_000095,9,H,1.193383757,-0.8411817718,-1.781293897
dsgdb9nsd_000095,10,H,1.96867777,0.588577083,-1.070041845
dsgdb9nsd_000095,11,H,1.698735971,-2.155007178,0.305211005
dsgdb9nsd_000095,12,H,3.032535101,-1.01077235,0.5414805811
dsgdb9nsd_000095,13,H,1.482903864,0.582424282,1.702110264
dsgdb9nsd_000095,14,H,0.5130429604,-0.8497968649,2.101210618
dsgdb9nsd_000096,0,C,-0.3230822808,1.537514508,0.0194762369
dsgdb9nsd_000096,1,C,0.1184721413,0.0890017219,-0.0052314017
dsgdb9nsd_000096,2,C,0.8748928442,-0.4376330311,-1.247217375
dsgdb9nsd_000096,3,C,1.978410475,-0.8065748268,-0.2374035623
dsgdb9nsd_000096,4,O,1.273449256,-0.1541910836,0.8379403993
dsgdb9nsd_000096,5,H,0.4921198486,2.196587947,-0.2952766446
dsgdb9nsd_000096,6,H,-1.176158351,1.689234903,-0.6513480789
dsgdb9nsd_000096,7,H,-0.6277696303,1.827479118,1.030132052
dsgdb9nsd_000096,8,H,-0.7141020036,-0.563891872,0.2959730535
dsgdb9nsd_000096,9,H,0.4103331433,-1.262697061,-1.789100313
dsgdb9nsd_000096,10,H,1.15560811,0.3459626897,-1.95459519
dsgdb9nsd_000096,11,H,2.095010124,-1.883497639,-0.0560608301
dsgdb9nsd_000096,12,H,2.969703443,-0.3692414729,-0.4040800871
dsgdb9nsd_000097,0,C,-0.1837112371,1.546689095,-0.0167112931
dsgdb9nsd_000097,1,C,0.0451338235,0.0438672373,0.0227049403
dsgdb9nsd_000097,2,C,1.203011045,-0.540345796,-0.8198346406
dsgdb9nsd_000097,3,O,1.800616865,-1.155306152,0.339249912
dsgdb9nsd_000097,4,C,0.8339198263,-0.5431375408,1.216480033
dsgdb9nsd_000097,5,H,0.7510260882,2.092560151,0.1534491106
dsgdb9nsd_000097,6,H,-0.5831924791,1.861557069,-0.9869416908
dsgdb9nsd_000097,7,H,-0.8984372431,1.859171265,0.752441532
dsgdb9nsd_000097,8,H,-0.895067357,-0.4876837173,-0.148439953
dsgdb9nsd_000097,9,H,0.9356047222,-1.278575877,-1.585439171
dsgdb9nsd_000097,10,H,1.863929377,0.2137992363,-1.270816488
dsgdb9nsd_000097,11,H,1.294145647,0.2094899308,1.872739523
dsgdb9nsd_000097,12,H,0.3151704228,-1.283268561,1.837563926
dsgdb9nsd_000098,0,O,0.546228468,1.032704241,-0.5839808267
dsgdb9nsd_000098,1,C,-0.0011226887,-0.1103662125,0.0189823754
dsgdb9nsd_000098,2,C,0.1394595006,-0.3431042945,1.547771167
dsgdb9nsd_000098,3,C,-1.26863784,-0.9987651678,1.516326541
dsgdb9nsd_000098,4,C,-1.538446512,-0.264182361,0.1742350958
dsgdb9nsd_000098,5,H,0.2033237934,1.804338739,-0.1207121881
dsgdb9nsd_000098,6,H,0.4129664713,-0.9585795469,-0.5356040203
dsgdb9nsd_000098,7,H,0.9889073771,-0.927196259,1.909218669
dsgdb9nsd_000098,8,H,0.1178654883,0.6132303359,2.08356053
dsgdb9nsd_000098,9,H,-1.208288126,-2.081910641,1.380366988
dsgdb9nsd_000098,10,H,-1.941436138,-0.7911974551,2.350141155
dsgdb9nsd_000098,11,H,-2.004956817,0.7130793305,0.3458149292
dsgdb9nsd_000098,12,H,-2.091603107,-0.78230202,-0.612491715
dsgdb9nsd_000099,0,O,0.0772171436,1.417387241,-0.1443901587
dsgdb9nsd_000099,1,C,0.0167515637,0.0248479128,0.0323381688
dsgdb9nsd_000099,2,C,0.1119382284,-0.543925412,1.470007444
dsgdb9nsd_000099,3,O,-1.163878044,-1.200931908,1.324416046
dsgdb9nsd_000099,4,C,-1.419301783,-0.5204092975,0.0775067254
dsgdb9nsd_000099,5,H,1.000222139,1.678894787,-0.2169746558
dsgdb9nsd_000099,6,H,0.6603649544,-0.5038087893,-0.6818032706
dsgdb9nsd_000099,7,H,0.9180658894,-1.25385265,1.688786277
dsgdb9nsd_000099,8,H,0.0914620752,0.2442748721,2.234992321
dsgdb9nsd_000099,9,H,-2.161396835,0.2818396014,0.1822243602
dsgdb9nsd_000099,10,H,-1.728674562,-1.209411567,-0.7155088674
dsgdb9nsd_000100,0,C,-0.0518984955,1.552174348,-0.103184376
dsgdb9nsd_000100,1,C,0.0122664775,0.0469067539,0.0374752004
dsgdb9nsd_000100,2,C,1.301156917,-0.7066155329,-0.1972572405
dsgdb9nsd_000100,3,C,0.7043193884,-0.6489323916,1.190035619
dsgdb9nsd_000100,4,C,1.397503242,0.0948127989,2.310780109
dsgdb9nsd_000100,5,H,0.8740420881,2.035431708,0.2216222842
dsgdb9nsd_000100,6,H,-0.2164135675,1.836952783,-1.148529579
dsgdb9nsd_000100,7,H,-0.8715764599,1.976736844,0.4879704596
dsgdb9nsd_000100,8,H,-0.885082055,-0.4559694079,-0.3158078641
dsgdb9nsd_000100,9,H,1.276636576,-1.641490218,-0.7469796667
dsgdb9nsd_000100,10,H,2.194240669,-0.1140412081,-0.3756935917
dsgdb9nsd_000100,11,H,0.2167246071,-1.563779341,1.519023998
dsgdb9nsd_000100,12,H,1.91317356,0.9905117518,1.952717474
dsgdb9nsd_000100,13,H,0.6873800878,0.4090146831,3.084469717
dsgdb9nsd_000100,14,H,2.149346335,-0.5415180713,2.791115425
dsgdb9nsd_000101,0,C,-0.0799278572,1.559147393,-0.0387599405
dsgdb9nsd_000101,1,C,0.0004220604,0.0511156939,0.0434655092
dsgdb9nsd_000101,2,C,1.317486242,-0.6623003379,-0.2026996469
dsgdb9nsd_000101,3,C,0.7162432627,-0.6185492428,1.181281261
dsgdb9nsd_000101,4,O,1.281341264,0.2147479848,2.153417386
dsgdb9nsd_000101,5,H,0.8020767743,2.019799879,0.4114797185
dsgdb9nsd_000101,6,H,-0.1523541029,1.89225261,-1.07968732
dsgdb9nsd_000101,7,H,-0.9583608221,1.935647806,0.496431785
dsgdb9nsd_000101,8,H,-0.8861517353,-0.4693975316,-0.3091849587
dsgdb9nsd_000101,9,H,1.323844637,-1.600866569,-0.7466655673
dsgdb9nsd_000101,10,H,2.186193146,-0.0331681303,-0.3706875835
dsgdb9nsd_000101,11,H,0.28509951,-1.54025035,1.5729163
dsgdb9nsd_000101,12,H,2.129316612,-0.1623438652,2.408959297
dsgdb9nsd_000102,0,C,-0.1703456117,1.557657352,-0.1006546977
dsgdb9nsd_000102,1,C,0.0107525603,0.0557463843,-0.0522583305
dsgdb9nsd_000102,2,C,0.7179423947,-0.678024249,-1.142041502
dsgdb9nsd_000102,3,N,1.298115743,-0.5977750758,0.1938686593
dsgdb9nsd_000102,4,C,2.500472896,0.2025692263,0.3642881779
dsgdb9nsd_000102,5,H,0.6087670274,2.057179132,-0.6811930105
dsgdb9nsd_000102,6,H,-1.132386982,1.799571807,-0.5648912719
dsgdb9nsd_000102,7,H,-0.1735094934,1.989463233,0.906590277
dsgdb9nsd_000102,8,H,-0.8101044058,-0.4614805125,0.444273961
dsgdb9nsd_000102,9,H,0.3913610613,-1.662746183,-1.467711705
dsgdb9nsd_000102,10,H,1.166684835,-0.0690873511,-1.927761259
dsgdb9nsd_000102,11,H,2.58340476,1.067454453,-0.3126225501
dsgdb9nsd_000102,12,H,2.551436521,0.5689274698,1.395026382
dsgdb9nsd_000102,13,H,3.371850124,-0.4376946149,0.1920186202
dsgdb9nsd_000103,0,C,-0.0334596058,1.54674842,-0.1337351968
dsgdb9nsd_000103,1,C,-0.0496607995,0.0591427291,0.1086143696
dsgdb9nsd_000103,2,O,1.172611233,-0.6588887675,-0.0992523073
dsgdb9nsd_000103,3,C,0.6265308677,-0.625480635,1.224920301
dsgdb9nsd_000103,4,C,1.438497383,0.0564768854,2.296180645
dsgdb9nsd_000103,5,H,0.8426157324,2.024179044,0.308959469
dsgdb9nsd_000103,6,H,-0.0202060259,1.75197977,-1.209385031
dsgdb9nsd_000103,7,H,-0.9341921484,2.010737288,0.2831757706
dsgdb9nsd_000103,8,H,-0.9226240952,-0.4478905291,-0.3100106315
dsgdb9nsd_000103,9,H,0.1959379258,-1.580391684,1.536567775
dsgdb9nsd_000103,10,H,1.841182502,1.013029266,1.958130128
dsgdb9nsd_000103,11,H,0.8251451351,0.2292535777,3.187453479
dsgdb9nsd_000103,12,H,2.281527566,-0.5779641441,2.589616048
dsgdb9nsd_000104,0,O,-0.2169888143,1.382327709,-0.0106548661
dsgdb9nsd_000104,1,C,-0.0426474189,-0.010562771,0.0035949556
