id,molecule_name,atom_index_0,atom_index_1,type,scalar_coupling_constant
0,dsgdb9nsd_000001,1,0,1JHC,84.8076
1,dsgdb9nsd_000001,1,2,2JHH,-11.257
2,dsgdb9nsd_000001,1,3,2JHH,-11.2548
3,dsgdb9nsd_000001,1,4,2JHH,-11.2543
4,dsgdb9nsd_000001,2,0,1JHC,84.8074
5,dsgdb9nsd_000001,2,3,2JHH,-11.2541
6,dsgdb9nsd_000001,2,4,2JHH,-11.2548
7,dsgdb9nsd_000001,3,0,1JHC,84.8093
8,dsgdb9nsd_000001,3,4,2JHH,-11.2543
9,dsgdb9nsd_000001,4,0,1JHC,84.8095
10,dsgdb9nsd_000002,1,0,1JHN,32.6889
11,dsgdb9nsd_000002,1,2,2JHH,-11.1866
12,dsgdb9nsd_000002,1,3,2JHH,-11.1757
13,dsgdb9nsd_000002,2,0,1JHN,32.6891
14,dsgdb9nsd_000002,2,3,2JHH,-11.1758
15,dsgdb9nsd_000002,3,0,1JHN,32.6905
16,dsgdb9nsd_000003,1,2,2JHH,-9.94641
17,dsgdb9nsd_000005,2,0,1JHC,171.22
18,dsgdb9nsd_000005,2,1,2JHN,5.18246
19,dsgdb9nsd_000007,2,0,1JHC,83.5429
20,dsgdb9nsd_000007,2,1,2JHC,-2.37831
21,dsgdb9nsd_000007,2,3,2JHH,-11.7005
22,dsgdb9nsd_000007,2,4,2JHH,-11.6979
23,dsgdb9nsd_000007,2,5,3JHH,3.25281
24,dsgdb9nsd_000007,2,6,3JHH,13.6913
25,dsgdb9nsd_000007,2,7,3JHH,3.25205
26,dsgdb9nsd_000007,3,0,1JHC,83.5417
27,dsgdb9nsd_000007,3,1,2JHC,-2.37862
28,dsgdb9nsd_000007,3,4,2JHH,-11.6996
29,dsgdb9nsd_000007,3,5,3JHH,13.6924
30,dsgdb9nsd_000007,3,6,3JHH,3.25253
31,dsgdb9nsd_000007,3,7,3JHH,3.25272
32,dsgdb9nsd_000007,4,0,1JHC,83.5484
33,dsgdb9nsd_000007,4,1,2JHC,-2.37716
34,dsgdb9nsd_000007,4,5,3JHH,3.25243
35,dsgdb9nsd_000007,4,6,3JHH,3.25242
36,dsgdb9nsd_000007,4,7,3JHH,13.6921
37,dsgdb9nsd_000007,5,0,2JHC,-2.37876
38,dsgdb9nsd_000007,5,1,1JHC,83.5418
39,dsgdb9nsd_000007,5,6,2JHH,-11.7005
40,dsgdb9nsd_000007,5,7,2JHH,-11.6993
41,dsgdb9nsd_000007,6,0,2JHC,-2.37852
42,dsgdb9nsd_000007,6,1,1JHC,83.543
43,dsgdb9nsd_000007,6,7,2JHH,-11.6976
44,dsgdb9nsd_000007,7,0,2JHC,-2.37724
45,dsgdb9nsd_000007,7,1,1JHC,83.5486
46,dsgdb9nsd_000008,2,0,1JHC,87.6326
47,dsgdb9nsd_000008,2,3,2JHH,-6.48291
48,dsgdb9nsd_000008,2,4,2JHH,-10.6098
49,dsgdb9nsd_000008,2,5,3JHH,1.43077
50,dsgdb9nsd_000008,3,0,1JHC,87.6253
51,dsgdb9nsd_000008,3,4,2JHH,-10.6153
52,dsgdb9nsd_000008,3,5,3JHH,1.45233
53,dsgdb9nsd_000008,4,0,1JHC,90.0888
54,dsgdb9nsd_000008,4,5,3JHH,13.7865
55,dsgdb9nsd_000008,5,0,2JHC,-1.36995
56,dsgdb9nsd_000009,3,0,1JHC,91.4487
57,dsgdb9nsd_000009,3,1,2JHC,-9.47657
58,dsgdb9nsd_000009,3,2,3JHC,4.55166
59,dsgdb9nsd_000009,3,4,2JHH,-14.9228
60,dsgdb9nsd_000009,3,5,2JHH,-14.9192
61,dsgdb9nsd_000009,4,0,1JHC,91.4554
62,dsgdb9nsd_000009,4,1,2JHC,-9.47261
63,dsgdb9nsd_000009,4,2,3JHC,4.5541
64,dsgdb9nsd_000009,4,5,2JHH,-14.9189
65,dsgdb9nsd_000009,5,0,1JHC,91.4543
66,dsgdb9nsd_000009,5,1,2JHC,-9.47256
67,dsgdb9nsd_000009,5,2,3JHC,4.55341
68,dsgdb9nsd_000009,6,0,3JHC,2.51865
69,dsgdb9nsd_000009,6,1,2JHC,19.9423
70,dsgdb9nsd_000009,6,2,1JHC,198.913
71,dsgdb9nsd_000010,3,0,1JHC,91.6355
72,dsgdb9nsd_000010,3,1,2JHC,-7.71329
73,dsgdb9nsd_000010,3,2,3JHN,0.880802
74,dsgdb9nsd_000010,3,4,2JHH,-14.6297
75,dsgdb9nsd_000010,3,5,2JHH,-14.6235
76,dsgdb9nsd_000010,4,0,1JHC,91.6216
77,dsgdb9nsd_000010,4,1,2JHC,-7.71687
78,dsgdb9nsd_000010,4,2,3JHN,0.880957
79,dsgdb9nsd_000010,4,5,2JHH,-14.624
80,dsgdb9nsd_000010,5,0,1JHC,91.6253
81,dsgdb9nsd_000010,5,1,2JHC,-7.71673
82,dsgdb9nsd_000010,5,2,3JHN,0.880871
83,dsgdb9nsd_000011,3,0,1JHC,88.2837
84,dsgdb9nsd_000011,3,1,2JHC,-6.56689
85,dsgdb9nsd_000011,3,4,2JHH,-10.288
86,dsgdb9nsd_000011,3,5,2JHH,-10.3383
87,dsgdb9nsd_000011,3,6,3JHH,6.79204
88,dsgdb9nsd_000011,4,0,1JHC,82.5141
89,dsgdb9nsd_000011,4,1,2JHC,-3.78105
90,dsgdb9nsd_000011,4,5,2JHH,-17.5775
91,dsgdb9nsd_000011,4,6,3JHH,0.198425
92,dsgdb9nsd_000011,5,0,1JHC,82.5131
93,dsgdb9nsd_000011,5,1,2JHC,-3.77172
94,dsgdb9nsd_000011,5,6,3JHH,0.188092
95,dsgdb9nsd_000011,6,0,2JHC,31.7736
96,dsgdb9nsd_000011,6,1,1JHC,110.715
97,dsgdb9nsd_000012,3,0,1JHN,55.5252
98,dsgdb9nsd_000012,3,1,2JHC,-4.06172
99,dsgdb9nsd_000012,3,4,2JHH,5.32819
100,dsgdb9nsd_000012,3,5,3JHH,12.0536
101,dsgdb9nsd_000012,4,0,1JHN,54.7359
102,dsgdb9nsd_000012,4,1,2JHC,6.65967
103,dsgdb9nsd_000012,4,5,3JHH,-0.702123
104,dsgdb9nsd_000012,5,0,2JHN,15.5135
105,dsgdb9nsd_000012,5,1,1JHC,109.301
106,dsgdb9nsd_000013,3,0,1JHC,83.5132
107,dsgdb9nsd_000013,3,1,2JHC,-2.03004
108,dsgdb9nsd_000013,3,2,3JHC,2.51277
109,dsgdb9nsd_000013,3,4,2JHH,-11.4317
110,dsgdb9nsd_000013,3,5,2JHH,-11.4795
111,dsgdb9nsd_000013,3,6,3JHH,3.42929
112,dsgdb9nsd_000013,3,7,3JHH,12.3307
113,dsgdb9nsd_000013,4,0,1JHC,83.5143
114,dsgdb9nsd_000013,4,1,2JHC,-2.03044
115,dsgdb9nsd_000013,4,2,3JHC,2.51802
116,dsgdb9nsd_000013,4,5,2JHH,-11.48
117,dsgdb9nsd_000013,4,6,3JHH,12.3318
118,dsgdb9nsd_000013,4,7,3JHH,3.42409
119,dsgdb9nsd_000013,5,0,1JHC,80.7047
120,dsgdb9nsd_000013,5,1,2JHC,-1.68999
121,dsgdb9nsd_000013,5,2,3JHC,10.4392
122,dsgdb9nsd_000013,5,6,3JHH,2.89449
123,dsgdb9nsd_000013,5,7,3JHH,2.89907
124,dsgdb9nsd_000013,6,0,2JHC,-1.90351
125,dsgdb9nsd_000013,6,1,1JHC,81.2568
126,dsgdb9nsd_000013,6,2,2JHC,-1.90365
127,dsgdb9nsd_000013,6,7,2JHH,-12.0396
128,dsgdb9nsd_000013,6,8,3JHH,3.42413
129,dsgdb9nsd_000013,6,9,3JHH,2.89903
130,dsgdb9nsd_000013,6,10,3JHH,12.3307
131,dsgdb9nsd_000013,7,0,2JHC,-1.90366
132,dsgdb9nsd_000013,7,1,1JHC,81.2568
133,dsgdb9nsd_000013,7,2,2JHC,-1.90351
134,dsgdb9nsd_000013,7,8,3JHH,12.3318
135,dsgdb9nsd_000013,7,9,3JHH,2.89454
136,dsgdb9nsd_000013,7,10,3JHH,3.42924
137,dsgdb9nsd_000013,8,0,3JHC,2.51798
138,dsgdb9nsd_000013,8,1,2JHC,-2.03044
139,dsgdb9nsd_000013,8,2,1JHC,83.5142
140,dsgdb9nsd_000013,8,9,2JHH,-11.48
141,dsgdb9nsd_000013,8,10,2JHH,-11.4317
142,dsgdb9nsd_000013,9,0,3JHC,10.4392
143,dsgdb9nsd_000013,9,1,2JHC,-1.68999
144,dsgdb9nsd_000013,9,2,1JHC,80.7047
145,dsgdb9nsd_000013,9,10,2JHH,-11.4795
146,dsgdb9nsd_000013,10,0,3JHC,2.51282
147,dsgdb9nsd_000013,10,1,2JHC,-2.03003
148,dsgdb9nsd_000013,10,2,1JHC,83.5133
149,dsgdb9nsd_000014,3,0,1JHC,85.2823
150,dsgdb9nsd_000014,3,1,2JHC,-4.43181
151,dsgdb9nsd_000014,3,4,2JHH,-10.8404
152,dsgdb9nsd_000014,3,5,2JHH,-11.4989
153,dsgdb9nsd_000014,3,6,3JHH,4.38776
154,dsgdb9nsd_000014,3,7,3JHH,11.4717
155,dsgdb9nsd_000014,4,0,1JHC,85.2808
156,dsgdb9nsd_000014,4,1,2JHC,-4.43083
157,dsgdb9nsd_000014,4,5,2JHH,-11.498
158,dsgdb9nsd_000014,4,6,3JHH,11.472
159,dsgdb9nsd_000014,4,7,3JHH,4.38972
160,dsgdb9nsd_000014,5,0,1JHC,78.9025
161,dsgdb9nsd_000014,5,1,2JHC,1.95496
162,dsgdb9nsd_000014,5,6,3JHH,1.73801
163,dsgdb9nsd_000014,5,7,3JHH,1.73644
164,dsgdb9nsd_000014,6,0,2JHC,-1.09376
165,dsgdb9nsd_000014,6,1,1JHC,87.4056
166,dsgdb9nsd_000014,6,7,2JHH,-6.58585
167,dsgdb9nsd_000014,6,8,3JHH,1.24907
168,dsgdb9nsd_000014,7,0,2JHC,-1.0944
169,dsgdb9nsd_000014,7,1,1JHC,87.403
170,dsgdb9nsd_000014,7,8,3JHH,1.2525
171,dsgdb9nsd_000014,8,0,3JHC,8.02289
172,dsgdb9nsd_000014,8,1,2JHC,-0.958913
173,dsgdb9nsd_000017,3,0,1JHC,112.718
174,dsgdb9nsd_000017,3,1,2JHC,-0.997833
175,dsgdb9nsd_000017,3,4,2JHH,6.99425
176,dsgdb9nsd_000017,3,5,3JHH,0.708654
177,dsgdb9nsd_000017,3,6,3JHH,2.45664
178,dsgdb9nsd_000017,4,0,1JHC,112.718
179,dsgdb9nsd_000017,4,1,2JHC,-0.997797
180,dsgdb9nsd_000017,4,5,3JHH,2.45655
181,dsgdb9nsd_000017,4,6,3JHH,0.708671
182,dsgdb9nsd_000017,5,0,2JHC,-0.997781
183,dsgdb9nsd_000017,5,1,1JHC,112.718
184,dsgdb9nsd_000017,5,6,2JHH,6.99435
185,dsgdb9nsd_000017,6,0,2JHC,-0.997802
186,dsgdb9nsd_000017,6,1,1JHC,112.718
187,dsgdb9nsd_000018,4,0,1JHC,82.1639
188,dsgdb9nsd_000018,4,1,2JHC,-2.59258
189,dsgdb9nsd_000018,4,2,3JHC,-0.136894
190,dsgdb9nsd_000018,4,5,2JHH,-10.596
191,dsgdb9nsd_000018,4,6,2JHH,-16.4495
192,dsgdb9nsd_000018,5,0,1JHC,88.476
193,dsgdb9nsd_000018,5,1,2JHC,-5.54059
194,dsgdb9nsd_000018,5,2,3JHC,4.36272
195,dsgdb9nsd_000018,5,6,2JHH,-10.6044
196,dsgdb9nsd_000018,6,0,1JHC,82.1619
197,dsgdb9nsd_000018,6,1,2JHC,-2.59654
198,dsgdb9nsd_000018,6,2,3JHC,-0.138123
199,dsgdb9nsd_000018,7,0,3JHC,-0.136856
200,dsgdb9nsd_000018,7,1,2JHC,-2.59296
201,dsgdb9nsd_000018,7,2,1JHC,82.1635
202,dsgdb9nsd_000018,7,8,2JHH,-10.5967
203,dsgdb9nsd_000018,7,9,2JHH,-16.4495
204,dsgdb9nsd_000018,8,0,3JHC,4.36274
205,dsgdb9nsd_000018,8,1,2JHC,-5.54055
206,dsgdb9nsd_000018,8,2,1JHC,88.4762
207,dsgdb9nsd_000018,8,9,2JHH,-10.6034
208,dsgdb9nsd_000018,9,0,3JHC,-0.138109
209,dsgdb9nsd_000018,9,1,2JHC,-2.59645
210,dsgdb9nsd_000018,9,2,1JHC,82.162
211,dsgdb9nsd_000019,4,0,1JHC,80.4954
212,dsgdb9nsd_000019,4,1,2JHC,-3.06059
213,dsgdb9nsd_000019,4,2,3JHN,-0.052074
214,dsgdb9nsd_000019,4,5,2JHH,-10.0204
215,dsgdb9nsd_000019,4,6,2JHH,-13.7991
216,dsgdb9nsd_000019,5,0,1JHC,90.1684
217,dsgdb9nsd_000019,5,1,2JHC,-5.03352
218,dsgdb9nsd_000019,5,2,3JHN,1.61132
219,dsgdb9nsd_000019,5,6,2JHH,-13.4207
220,dsgdb9nsd_000019,6,0,1JHC,81.2516
221,dsgdb9nsd_000019,6,1,2JHC,-4.11622
222,dsgdb9nsd_000019,6,2,3JHN,-0.178433
223,dsgdb9nsd_000019,7,0,3JHC,0.655492
224,dsgdb9nsd_000019,7,1,2JHC,5.45984
225,dsgdb9nsd_000019,7,2,1JHN,54.064
226,dsgdb9nsd_000019,7,8,2JHH,4.90379
227,dsgdb9nsd_000019,8,0,3JHC,5.56731
228,dsgdb9nsd_000019,8,1,2JHC,-3.04214
229,dsgdb9nsd_000019,8,2,1JHN,56.186
230,dsgdb9nsd_000021,4,0,1JHC,83.4397
231,dsgdb9nsd_000021,4,1,2JHC,-1.76566
232,dsgdb9nsd_000021,4,2,3JHC,2.65926
233,dsgdb9nsd_000021,4,3,3JHC,2.69626
234,dsgdb9nsd_000021,4,5,2JHH,-11.3732
235,dsgdb9nsd_000021,4,6,2JHH,-11.3742
236,dsgdb9nsd_000021,4,7,3JHH,11.0034
237,dsgdb9nsd_000021,5,0,1JHC,80.7028
238,dsgdb9nsd_000021,5,1,2JHC,-1.42794
239,dsgdb9nsd_000021,5,2,3JHC,2.00635
240,dsgdb9nsd_000021,5,3,3JHC,9.31771
241,dsgdb9nsd_000021,5,6,2JHH,-11.19
242,dsgdb9nsd_000021,5,7,3JHH,3.03758
243,dsgdb9nsd_000021,6,0,1JHC,80.6771
244,dsgdb9nsd_000021,6,1,2JHC,-1.4268
245,dsgdb9nsd_000021,6,2,3JHC,9.31693
246,dsgdb9nsd_000021,6,3,3JHC,1.97351
247,dsgdb9nsd_000021,6,7,3JHH,3.06914
248,dsgdb9nsd_000021,7,0,2JHC,-1.32329
249,dsgdb9nsd_000021,7,1,1JHC,77.2346
250,dsgdb9nsd_000021,7,2,2JHC,-1.32423
251,dsgdb9nsd_000021,7,3,2JHC,-1.32247
252,dsgdb9nsd_000021,7,8,3JHH,11.0148
253,dsgdb9nsd_000021,7,9,3JHH,3.04792
254,dsgdb9nsd_000021,7,10,3JHH,3.06274
255,dsgdb9nsd_000021,7,11,3JHH,3.06131
256,dsgdb9nsd_000021,7,12,3JHH,3.04444
257,dsgdb9nsd_000021,7,13,3JHH,11.0047
258,dsgdb9nsd_000021,8,0,3JHC,2.685
259,dsgdb9nsd_000021,8,1,2JHC,-1.76031
260,dsgdb9nsd_000021,8,2,1JHC,83.4242
261,dsgdb9nsd_000021,8,3,3JHC,2.66497
262,dsgdb9nsd_000021,8,9,2JHH,-11.3772
263,dsgdb9nsd_000021,8,10,2JHH,-11.3787
264,dsgdb9nsd_000021,9,0,3JHC,9.3188
265,dsgdb9nsd_000021,9,1,2JHC,-1.42965
266,dsgdb9nsd_000021,9,2,1JHC,80.6861
267,dsgdb9nsd_000021,9,3,3JHC,1.99406
268,dsgdb9nsd_000021,9,10,2JHH,-11.1978
269,dsgdb9nsd_000021,10,0,3JHC,1.98204
270,dsgdb9nsd_000021,10,1,2JHC,-1.42472
271,dsgdb9nsd_000021,10,2,1JHC,80.7076
272,dsgdb9nsd_000021,10,3,3JHC,9.31476
273,dsgdb9nsd_000021,11,0,3JHC,1.9837
274,dsgdb9nsd_000021,11,1,2JHC,-1.42898
275,dsgdb9nsd_000021,11,2,3JHC,9.31839
276,dsgdb9nsd_000021,11,3,1JHC,80.6993
277,dsgdb9nsd_000021,11,12,2JHH,-11.1969
278,dsgdb9nsd_000021,11,13,2JHH,-11.3842
279,dsgdb9nsd_000021,12,0,3JHC,9.31384
280,dsgdb9nsd_000021,12,1,2JHC,-1.42304
281,dsgdb9nsd_000021,12,2,3JHC,1.99108
282,dsgdb9nsd_000021,12,3,1JHC,80.7016
283,dsgdb9nsd_000021,12,13,2JHH,-11.3681
284,dsgdb9nsd_000021,13,0,3JHC,2.68549
285,dsgdb9nsd_000021,13,1,2JHC,-1.76375
286,dsgdb9nsd_000021,13,2,3JHC,2.66653
287,dsgdb9nsd_000021,13,3,1JHC,83.4346
288,dsgdb9nsd_000023,4,0,3JHC,5.43401
289,dsgdb9nsd_000023,4,1,2JHC,18.0709
290,dsgdb9nsd_000023,4,2,1JHC,201.884
291,dsgdb9nsd_000023,5,0,2JHC,18.0709
292,dsgdb9nsd_000023,5,1,3JHC,5.43401
293,dsgdb9nsd_000023,5,3,1JHC,201.884
294,dsgdb9nsd_000026,4,1,1JHC,132.02
295,dsgdb9nsd_000026,4,2,2JHC,28.5246
296,dsgdb9nsd_000026,4,3,3JHC,5.05587
297,dsgdb9nsd_000026,5,1,3JHC,2.81577
298,dsgdb9nsd_000026,5,2,2JHC,16.7244
299,dsgdb9nsd_000026,5,3,1JHC,199.705
300,dsgdb9nsd_000027,4,1,1JHC,145.44
301,dsgdb9nsd_000027,4,2,2JHC,35.8414
302,dsgdb9nsd_000027,4,3,3JHN,0.969607
303,dsgdb9nsd_000028,4,1,1JHC,121.384
304,dsgdb9nsd_000028,4,2,2JHC,24.6163
305,dsgdb9nsd_000028,4,5,3JHH,8.84087
306,dsgdb9nsd_000028,5,1,2JHC,24.6163
307,dsgdb9nsd_000028,5,2,1JHC,121.384
308,dsgdb9nsd_000029,4,0,1JHC,92.2616
309,dsgdb9nsd_000029,4,1,2JHC,-9.36858
310,dsgdb9nsd_000029,4,2,3JHC,4.2858
311,dsgdb9nsd_000029,4,5,2JHH,-14.7712
312,dsgdb9nsd_000029,4,6,2JHH,-14.771
313,dsgdb9nsd_000029,5,0,1JHC,92.2621
314,dsgdb9nsd_000029,5,1,2JHC,-9.36823
315,dsgdb9nsd_000029,5,2,3JHC,4.28585
316,dsgdb9nsd_000029,5,6,2JHH,-14.7709
317,dsgdb9nsd_000029,6,0,1JHC,92.2619
318,dsgdb9nsd_000029,6,1,2JHC,-9.36869
319,dsgdb9nsd_000029,6,2,3JHC,4.28571
320,dsgdb9nsd_000029,7,1,3JHC,4.28587
321,dsgdb9nsd_000029,7,2,2JHC,-9.36847
322,dsgdb9nsd_000029,7,3,1JHC,92.2609
323,dsgdb9nsd_000029,7,8,2JHH,-14.7711
324,dsgdb9nsd_000029,7,9,2JHH,-14.7715
325,dsgdb9nsd_000029,8,1,3JHC,4.286
326,dsgdb9nsd_000029,8,2,2JHC,-9.36803
327,dsgdb9nsd_000029,8,3,1JHC,92.2624
328,dsgdb9nsd_000029,8,9,2JHH,-14.7713
329,dsgdb9nsd_000029,9,1,3JHC,4.28608
330,dsgdb9nsd_000029,9,2,2JHC,-9.369
331,dsgdb9nsd_000029,9,3,1JHC,92.2619
332,dsgdb9nsd_000030,4,0,1JHC,85.8525
333,dsgdb9nsd_000030,4,1,2JHC,-2.13349
334,dsgdb9nsd_000030,4,2,3JHC,2.37669
335,dsgdb9nsd_000030,4,5,2JHH,-11.6048
336,dsgdb9nsd_000030,4,6,2JHH,-11.0265
337,dsgdb9nsd_000030,4,7,3JHH,3.55205
338,dsgdb9nsd_000030,4,8,3JHH,12.3327
339,dsgdb9nsd_000030,5,0,1JHC,85.8515
340,dsgdb9nsd_000030,5,1,2JHC,-2.13344
341,dsgdb9nsd_000030,5,2,3JHC,2.37638
342,dsgdb9nsd_000030,5,6,2JHH,-11.0264
343,dsgdb9nsd_000030,5,7,3JHH,12.3327
344,dsgdb9nsd_000030,5,8,3JHH,3.55238
345,dsgdb9nsd_000030,6,0,1JHC,82.6491
346,dsgdb9nsd_000030,6,1,2JHC,-1.79039
347,dsgdb9nsd_000030,6,2,3JHC,10.8764
348,dsgdb9nsd_000030,6,7,3JHH,3.26033
349,dsgdb9nsd_000030,6,8,3JHH,3.25956
350,dsgdb9nsd_000030,7,0,2JHC,-3.47438
351,dsgdb9nsd_000030,7,1,1JHC,89.7223
352,dsgdb9nsd_000030,7,2,2JHC,-8.99494
353,dsgdb9nsd_000030,7,3,3JHC,4.22901
354,dsgdb9nsd_000030,7,8,2JHH,-15.5828
355,dsgdb9nsd_000030,8,0,2JHC,-3.47359
356,dsgdb9nsd_000030,8,1,1JHC,89.7237
357,dsgdb9nsd_000030,8,2,2JHC,-8.99289
358,dsgdb9nsd_000030,8,3,3JHC,4.22845
359,dsgdb9nsd_000030,9,1,3JHC,2.3197
360,dsgdb9nsd_000030,9,2,2JHC,19.0567
361,dsgdb9nsd_000030,9,3,1JHC,197.786
362,dsgdb9nsd_000031,4,0,1JHC,87.1682
363,dsgdb9nsd_000031,4,1,2JHC,-2.42751
364,dsgdb9nsd_000031,4,2,3JHC,2.35345
365,dsgdb9nsd_000031,4,5,2JHH,-11.6271
366,dsgdb9nsd_000031,4,6,2JHH,-11.4103
367,dsgdb9nsd_000031,4,7,3JHH,3.43972
368,dsgdb9nsd_000031,4,8,3JHH,12.5166
369,dsgdb9nsd_000031,5,0,1JHC,87.1739
370,dsgdb9nsd_000031,5,1,2JHC,-2.42385
371,dsgdb9nsd_000031,5,2,3JHC,2.35054
372,dsgdb9nsd_000031,5,6,2JHH,-11.4091
373,dsgdb9nsd_000031,5,7,3JHH,12.5241
374,dsgdb9nsd_000031,5,8,3JHH,3.44221
375,dsgdb9nsd_000031,6,0,1JHC,83.9573
376,dsgdb9nsd_000031,6,1,2JHC,-1.28607
377,dsgdb9nsd_000031,6,2,3JHC,10.9889
378,dsgdb9nsd_000031,6,7,3JHH,3.44107
379,dsgdb9nsd_000031,6,8,3JHH,3.43265
380,dsgdb9nsd_000031,7,0,2JHC,-3.26345
381,dsgdb9nsd_000031,7,1,1JHC,89.1637
382,dsgdb9nsd_000031,7,2,2JHC,-7.33637
383,dsgdb9nsd_000031,7,3,3JHN,0.843138
384,dsgdb9nsd_000031,7,8,2JHH,-15.3818
385,dsgdb9nsd_000031,8,0,2JHC,-3.26108
386,dsgdb9nsd_000031,8,1,1JHC,89.2314
387,dsgdb9nsd_000031,8,2,2JHC,-7.30161
388,dsgdb9nsd_000031,8,3,3JHN,0.842563
389,dsgdb9nsd_000032,4,0,1JHN,37.719
390,dsgdb9nsd_000032,4,1,2JHC,0.012826
391,dsgdb9nsd_000032,4,2,3JHC,11.2916
392,dsgdb9nsd_000032,4,5,2JHH,-9.33662
393,dsgdb9nsd_000032,4,6,3JHH,1.74122
394,dsgdb9nsd_000032,4,7,3JHH,3.04522
395,dsgdb9nsd_000032,5,0,1JHN,38.3495
396,dsgdb9nsd_000032,5,1,2JHC,-1.43873
397,dsgdb9nsd_000032,5,2,3JHC,1.14929
398,dsgdb9nsd_000032,5,6,3JHH,2.74919
399,dsgdb9nsd_000032,5,7,3JHH,13.5658
400,dsgdb9nsd_000032,6,0,2JHN,0.633806
401,dsgdb9nsd_000032,6,1,1JHC,93.2825
402,dsgdb9nsd_000032,6,2,2JHC,-4.94776
403,dsgdb9nsd_000032,6,3,3JHN,0.813366
404,dsgdb9nsd_000032,6,7,2JHH,-14.7426
405,dsgdb9nsd_000032,7,0,2JHN,1.3783
406,dsgdb9nsd_000032,7,1,1JHC,95.2249
407,dsgdb9nsd_000032,7,2,2JHC,-8.65922
408,dsgdb9nsd_000032,7,3,3JHN,0.859255
409,dsgdb9nsd_000033,4,1,2JHC,-0.772955
410,dsgdb9nsd_000033,4,2,3JHC,9.45293
411,dsgdb9nsd_000033,4,5,3JHH,1.56051
412,dsgdb9nsd_000033,4,6,3JHH,1.56641
413,dsgdb9nsd_000033,5,1,1JHC,96.8652
414,dsgdb9nsd_000033,5,2,2JHC,-8.56821
415,dsgdb9nsd_000033,5,3,3JHC,3.98299
416,dsgdb9nsd_000033,5,6,2JHH,-12.8566
417,dsgdb9nsd_000033,6,1,1JHC,96.8612
418,dsgdb9nsd_000033,6,2,2JHC,-8.57004
419,dsgdb9nsd_000033,6,3,3JHC,3.98286
420,dsgdb9nsd_000033,7,1,3JHC,2.40507
421,dsgdb9nsd_000033,7,2,2JHC,19.1577
422,dsgdb9nsd_000033,7,3,1JHC,198.985
423,dsgdb9nsd_000034,4,1,2JHC,-0.23994
424,dsgdb9nsd_000034,4,2,3JHC,10.2371
425,dsgdb9nsd_000034,4,5,3JHH,1.62757
426,dsgdb9nsd_000034,4,6,3JHH,1.64894
427,dsgdb9nsd_000034,5,1,1JHC,96.4584
428,dsgdb9nsd_000034,5,2,2JHC,-6.75576
429,dsgdb9nsd_000034,5,3,3JHN,0.84687
430,dsgdb9nsd_000034,5,6,2JHH,-12.6575
431,dsgdb9nsd_000034,6,1,1JHC,96.4441
432,dsgdb9nsd_000034,6,2,2JHC,-6.76242
433,dsgdb9nsd_000034,6,3,3JHN,0.846898
434,dsgdb9nsd_000037,4,0,1JHC,89.6169
435,dsgdb9nsd_000037,4,2,3JHC,4.23671
436,dsgdb9nsd_000037,4,5,2JHH,-9.99405
437,dsgdb9nsd_000037,4,6,2JHH,-8.74586
438,dsgdb9nsd_000037,5,0,1JHC,94.9652
439,dsgdb9nsd_000037,5,2,3JHC,10.7602
440,dsgdb9nsd_000037,5,6,2JHH,-9.99519
441,dsgdb9nsd_000037,6,0,1JHC,89.6164
442,dsgdb9nsd_000037,6,2,3JHC,4.2449
443,dsgdb9nsd_000037,7,0,3JHC,3.78426
444,dsgdb9nsd_000037,7,2,1JHC,126.361
445,dsgdb9nsd_000038,4,1,2JHC,-0.727505
446,dsgdb9nsd_000038,4,2,3JHC,-0.807139
447,dsgdb9nsd_000038,4,5,3JHH,3.20052
448,dsgdb9nsd_000038,4,6,3JHH,13.4737
449,dsgdb9nsd_000038,5,1,1JHC,93.6533
450,dsgdb9nsd_000038,5,2,2JHC,-1.94209
451,dsgdb9nsd_000038,5,6,2JHH,-16.5694
452,dsgdb9nsd_000038,5,7,3JHH,2.99956
453,dsgdb9nsd_000038,6,1,1JHC,89.6056
454,dsgdb9nsd_000038,6,2,2JHC,-3.97439
455,dsgdb9nsd_000038,6,7,3JHH,-0.269419
456,dsgdb9nsd_000038,7,1,2JHC,25.0115
457,dsgdb9nsd_000038,7,2,1JHC,114.68
458,dsgdb9nsd_000039,4,0,1JHC,84.2949
459,dsgdb9nsd_000039,4,1,2JHC,-2.00568
460,dsgdb9nsd_000039,4,2,3JHC,2.37176
461,dsgdb9nsd_000039,4,5,2JHH,-11.3904
462,dsgdb9nsd_000039,4,6,2JHH,-11.5733
463,dsgdb9nsd_000039,4,7,3JHH,3.42799
464,dsgdb9nsd_000039,4,8,3JHH,12.3505
465,dsgdb9nsd_000039,5,0,1JHC,84.3057
466,dsgdb9nsd_000039,5,1,2JHC,-2.0078
467,dsgdb9nsd_000039,5,2,3JHC,2.39739
468,dsgdb9nsd_000039,5,6,2JHH,-11.5742
469,dsgdb9nsd_000039,5,7,3JHH,12.352
470,dsgdb9nsd_000039,5,8,3JHH,3.40096
471,dsgdb9nsd_000039,6,0,1JHC,81.1853
472,dsgdb9nsd_000039,6,1,2JHC,-1.75442
473,dsgdb9nsd_000039,6,2,3JHC,10.0683
474,dsgdb9nsd_000039,6,7,3JHH,2.94342
475,dsgdb9nsd_000039,6,8,3JHH,2.96774
476,dsgdb9nsd_000039,7,0,2JHC,-1.84932
477,dsgdb9nsd_000039,7,1,1JHC,81.2385
478,dsgdb9nsd_000039,7,2,2JHC,-1.61593
479,dsgdb9nsd_000039,7,3,3JHC,2.27791
480,dsgdb9nsd_000039,7,8,2JHH,-11.8293
481,dsgdb9nsd_000039,7,9,3JHH,11.0732
482,dsgdb9nsd_000039,7,10,3JHH,3.57029
483,dsgdb9nsd_000039,8,0,2JHC,-1.84966
484,dsgdb9nsd_000039,8,1,1JHC,81.2368
485,dsgdb9nsd_000039,8,2,2JHC,-1.61486
486,dsgdb9nsd_000039,8,3,3JHC,2.27771
487,dsgdb9nsd_000039,8,9,3JHH,3.57039
488,dsgdb9nsd_000039,8,10,3JHH,11.0814
489,dsgdb9nsd_000039,9,0,3JHC,2.27786
490,dsgdb9nsd_000039,9,1,2JHC,-1.61594
491,dsgdb9nsd_000039,9,2,1JHC,81.2386
492,dsgdb9nsd_000039,9,3,2JHC,-1.84931
493,dsgdb9nsd_000039,9,10,2JHH,-11.8292
494,dsgdb9nsd_000039,9,11,3JHH,12.352
495,dsgdb9nsd_000039,9,12,3JHH,3.42749
496,dsgdb9nsd_000039,9,13,3JHH,2.94388
497,dsgdb9nsd_000039,10,0,3JHC,2.27784
498,dsgdb9nsd_000039,10,1,2JHC,-1.61489
499,dsgdb9nsd_000039,10,2,1JHC,81.2367
500,dsgdb9nsd_000039,10,3,2JHC,-1.84969
501,dsgdb9nsd_000039,10,11,3JHH,3.40145
502,dsgdb9nsd_000039,10,12,3JHH,12.3505
503,dsgdb9nsd_000039,10,13,3JHH,2.96732
504,dsgdb9nsd_000039,11,1,3JHC,2.39687
505,dsgdb9nsd_000039,11,2,2JHC,-2.00775
506,dsgdb9nsd_000039,11,3,1JHC,84.3055
507,dsgdb9nsd_000039,11,12,2JHH,-11.3903
508,dsgdb9nsd_000039,11,13,2JHH,-11.5742
509,dsgdb9nsd_000039,12,1,3JHC,2.37221
510,dsgdb9nsd_000039,12,2,2JHC,-2.00572
511,dsgdb9nsd_000039,12,3,1JHC,84.2951
512,dsgdb9nsd_000039,12,13,2JHH,-11.5733
513,dsgdb9nsd_000039,13,1,3JHC,10.0683
514,dsgdb9nsd_000039,13,2,2JHC,-1.75447
515,dsgdb9nsd_000039,13,3,1JHC,81.1854
516,dsgdb9nsd_000040,4,0,1JHC,82.3069
517,dsgdb9nsd_000040,4,1,2JHC,-1.84036
518,dsgdb9nsd_000040,4,2,3JHC,12.1355
519,dsgdb9nsd_000040,4,5,2JHH,-11.8368
520,dsgdb9nsd_000040,4,6,2JHH,-11.8367
521,dsgdb9nsd_000040,4,7,3JHH,3.23247
522,dsgdb9nsd_000040,4,8,3JHH,3.23272
523,dsgdb9nsd_000040,5,0,1JHC,83.5913
524,dsgdb9nsd_000040,5,1,2JHC,-2.04198
525,dsgdb9nsd_000040,5,2,3JHC,2.55475
526,dsgdb9nsd_000040,5,6,2JHH,-11.2172
527,dsgdb9nsd_000040,5,7,3JHH,3.3194
528,dsgdb9nsd_000040,5,8,3JHH,12.8059
529,dsgdb9nsd_000040,6,0,1JHC,83.5923
530,dsgdb9nsd_000040,6,1,2JHC,-2.04218
531,dsgdb9nsd_000040,6,2,3JHC,2.55463
532,dsgdb9nsd_000040,6,7,3JHH,12.8052
533,dsgdb9nsd_000040,6,8,3JHH,3.31974
534,dsgdb9nsd_000040,7,0,2JHC,-2.0865
535,dsgdb9nsd_000040,7,1,1JHC,83.4384
536,dsgdb9nsd_000040,7,2,2JHC,-4.16079
537,dsgdb9nsd_000040,7,8,2JHH,-11.4908
538,dsgdb9nsd_000040,7,9,3JHH,10.1633
539,dsgdb9nsd_000040,7,10,3JHH,4.35606
540,dsgdb9nsd_000040,8,0,2JHC,-2.08761
541,dsgdb9nsd_000040,8,1,1JHC,83.4397
542,dsgdb9nsd_000040,8,2,2JHC,-4.16145
543,dsgdb9nsd_000040,8,9,3JHH,4.35411
544,dsgdb9nsd_000040,8,10,3JHH,10.1642
545,dsgdb9nsd_000040,9,0,3JHC,1.28231
546,dsgdb9nsd_000040,9,1,2JHC,-0.608264
547,dsgdb9nsd_000040,9,2,1JHC,86.7173
548,dsgdb9nsd_000040,9,10,2JHH,-6.35267
549,dsgdb9nsd_000040,9,11,3JHH,1.28204
550,dsgdb9nsd_000040,10,0,3JHC,1.28102
551,dsgdb9nsd_000040,10,1,2JHC,-0.612151
552,dsgdb9nsd_000040,10,2,1JHC,86.7081
553,dsgdb9nsd_000040,10,11,3JHH,1.2971
554,dsgdb9nsd_000040,11,1,3JHC,7.87228
555,dsgdb9nsd_000040,11,2,2JHC,-0.945573
556,dsgdb9nsd_000044,4,0,1JHC,86.0691
557,dsgdb9nsd_000044,4,1,2JHC,-5.21476
558,dsgdb9nsd_000044,4,2,3JHC,3.48313
559,dsgdb9nsd_000044,4,5,2JHH,-11.6946
560,dsgdb9nsd_000044,4,6,2JHH,-11.493
561,dsgdb9nsd_000044,4,7,3JHH,9.47686
562,dsgdb9nsd_000044,5,0,1JHC,80.1762
563,dsgdb9nsd_000044,5,1,2JHC,0.919212
564,dsgdb9nsd_000044,5,2,3JHC,0.42168
565,dsgdb9nsd_000044,5,6,2JHH,-12.5489
566,dsgdb9nsd_000044,5,7,3JHH,0.940035
567,dsgdb9nsd_000044,6,0,1JHC,84.8818
568,dsgdb9nsd_000044,6,1,2JHC,-4.44672
569,dsgdb9nsd_000044,6,2,3JHC,8.9944
570,dsgdb9nsd_000044,6,7,3JHH,2.33021
571,dsgdb9nsd_000044,7,0,2JHC,8.56048
572,dsgdb9nsd_000044,7,1,1JHC,108.909
573,dsgdb9nsd_000044,7,2,2JHC,-0.045295
574,dsgdb9nsd_000044,7,8,3JHH,2.05305
575,dsgdb9nsd_000044,7,9,3JHH,0.38354
576,dsgdb9nsd_000044,8,0,3JHC,0.809102
577,dsgdb9nsd_000044,8,1,2JHC,-0.014571
578,dsgdb9nsd_000044,8,2,1JHC,111.273
579,dsgdb9nsd_000044,8,9,2JHH,6.6784
580,dsgdb9nsd_000044,9,0,3JHC,2.34179
581,dsgdb9nsd_000044,9,1,2JHC,-0.929188
582,dsgdb9nsd_000044,9,2,1JHC,112.467
583,dsgdb9nsd_000046,4,1,2JHC,-1.35712
584,dsgdb9nsd_000046,4,2,3JHC,1.03688
585,dsgdb9nsd_000046,4,3,3JHC,1.03992
586,dsgdb9nsd_000046,4,5,3JHH,13.4649
587,dsgdb9nsd_000046,5,1,1JHC,117.522
588,dsgdb9nsd_000046,5,2,2JHC,1.24001
589,dsgdb9nsd_000046,5,3,2JHC,1.23919
590,dsgdb9nsd_000046,5,6,3JHH,5.38886
591,dsgdb9nsd_000046,5,7,3JHH,2.09119
592,dsgdb9nsd_000046,5,8,3JHH,2.09103
593,dsgdb9nsd_000046,5,9,3JHH,5.38923
594,dsgdb9nsd_000046,6,1,2JHC,0.700937
595,dsgdb9nsd_000046,6,2,1JHC,103.965
596,dsgdb9nsd_000046,6,3,2JHC,-1.8012
597,dsgdb9nsd_000046,6,7,2JHH,-5.19989
598,dsgdb9nsd_000046,6,8,3JHH,4.79001
599,dsgdb9nsd_000046,6,9,3JHH,8.76855
600,dsgdb9nsd_000046,7,1,2JHC,-2.9006
601,dsgdb9nsd_000046,7,2,1JHC,106.458
602,dsgdb9nsd_000046,7,3,2JHC,-1.33897
603,dsgdb9nsd_000046,7,8,3JHH,9.34874
604,dsgdb9nsd_000046,7,9,3JHH,4.79001
605,dsgdb9nsd_000046,8,1,2JHC,-2.90041
606,dsgdb9nsd_000046,8,2,2JHC,-1.339
607,dsgdb9nsd_000046,8,3,1JHC,106.457
608,dsgdb9nsd_000046,8,9,2JHH,-5.20042
609,dsgdb9nsd_000046,9,1,2JHC,0.700867
610,dsgdb9nsd_000046,9,2,2JHC,-1.80122
611,dsgdb9nsd_000046,9,3,1JHC,103.965
612,dsgdb9nsd_000047,4,0,1JHC,87.0564
613,dsgdb9nsd_000047,4,1,2JHC,-2.21577
614,dsgdb9nsd_000047,4,2,3JHC,0.784198
615,dsgdb9nsd_000047,4,3,2JHC,-2.21564
616,dsgdb9nsd_000047,4,5,2JHH,-9.66243
617,dsgdb9nsd_000047,4,6,3JHH,8.66475
618,dsgdb9nsd_000047,4,7,3JHH,7.16095
619,dsgdb9nsd_000047,4,10,3JHH,7.16095
620,dsgdb9nsd_000047,4,11,3JHH,8.66476
621,dsgdb9nsd_000047,5,0,1JHC,81.8849
622,dsgdb9nsd_000047,5,1,2JHC,-1.54545
623,dsgdb9nsd_000047,5,2,3JHC,9.56991
624,dsgdb9nsd_000047,5,3,2JHC,-1.54536
625,dsgdb9nsd_000047,5,6,3JHH,7.16097
626,dsgdb9nsd_000047,5,7,3JHH,0.713336
627,dsgdb9nsd_000047,5,10,3JHH,0.713336
628,dsgdb9nsd_000047,5,11,3JHH,7.16097
629,dsgdb9nsd_000047,6,0,2JHC,-2.21565
630,dsgdb9nsd_000047,6,1,1JHC,87.0565
631,dsgdb9nsd_000047,6,2,2JHC,-2.21578
632,dsgdb9nsd_000047,6,3,3JHC,0.784206
633,dsgdb9nsd_000047,6,7,2JHH,-9.66247
634,dsgdb9nsd_000047,6,8,3JHH,7.16097
635,dsgdb9nsd_000047,6,9,3JHH,8.66476
636,dsgdb9nsd_000047,7,0,2JHC,-1.54534
637,dsgdb9nsd_000047,7,1,1JHC,81.8849
638,dsgdb9nsd_000047,7,2,2JHC,-1.54544
639,dsgdb9nsd_000047,7,3,3JHC,9.5699
640,dsgdb9nsd_000047,7,8,3JHH,0.713336
641,dsgdb9nsd_000047,7,9,3JHH,7.16095
642,dsgdb9nsd_000047,8,0,3JHC,9.56991
643,dsgdb9nsd_000047,8,1,2JHC,-1.54536
644,dsgdb9nsd_000047,8,2,1JHC,81.8849
645,dsgdb9nsd_000047,8,3,2JHC,-1.54545
646,dsgdb9nsd_000047,8,9,2JHH,-9.66243
647,dsgdb9nsd_000047,8,10,3JHH,0.713336
648,dsgdb9nsd_000047,8,11,3JHH,7.16097
649,dsgdb9nsd_000047,9,0,3JHC,0.784198
650,dsgdb9nsd_000047,9,1,2JHC,-2.21564
651,dsgdb9nsd_000047,9,2,1JHC,87.0564
652,dsgdb9nsd_000047,9,3,2JHC,-2.21577
653,dsgdb9nsd_000047,9,10,3JHH,7.16095
654,dsgdb9nsd_000047,9,11,3JHH,8.66475
655,dsgdb9nsd_000047,10,0,2JHC,-1.54544
656,dsgdb9nsd_000047,10,1,3JHC,9.5699
657,dsgdb9nsd_000047,10,2,2JHC,-1.54534
658,dsgdb9nsd_000047,10,3,1JHC,81.8849
659,dsgdb9nsd_000047,10,11,2JHH,-9.66247
660,dsgdb9nsd_000047,11,0,2JHC,-2.21578
661,dsgdb9nsd_000047,11,1,3JHC,0.784206
662,dsgdb9nsd_000047,11,2,2JHC,-2.21565
663,dsgdb9nsd_000047,11,3,1JHC,87.0565
664,dsgdb9nsd_000049,5,0,1JHC,88.1271
665,dsgdb9nsd_000049,5,1,2JHC,-6.05927
666,dsgdb9nsd_000049,5,2,3JHC,2.49589
667,dsgdb9nsd_000049,5,3,3JHN,1.10774
668,dsgdb9nsd_000049,5,6,2JHH,-17.8006
669,dsgdb9nsd_000049,5,7,2JHH,-10.8577
670,dsgdb9nsd_000049,6,0,1JHC,88.8613
671,dsgdb9nsd_000049,6,1,2JHC,-6.01978
672,dsgdb9nsd_000049,6,2,3JHC,2.79985
673,dsgdb9nsd_000049,6,3,3JHN,1.03016
674,dsgdb9nsd_000049,6,7,2JHH,-10.5125
675,dsgdb9nsd_000049,7,0,1JHC,82.3424
676,dsgdb9nsd_000049,7,1,2JHC,-1.35413
677,dsgdb9nsd_000049,7,2,3JHC,4.85154
678,dsgdb9nsd_000049,7,3,3JHN,0.331655
679,dsgdb9nsd_000049,8,0,3JHC,1.51579
680,dsgdb9nsd_000049,8,1,2JHC,-5.24527
681,dsgdb9nsd_000049,8,2,1JHC,85.8853
682,dsgdb9nsd_000049,8,3,3JHN,2.42399
683,dsgdb9nsd_000049,8,9,2JHH,-11.252
684,dsgdb9nsd_000049,8,10,2JHH,-16.2873
685,dsgdb9nsd_000049,9,0,3JHC,6.79294
686,dsgdb9nsd_000049,9,1,2JHC,-4.71948
687,dsgdb9nsd_000049,9,2,1JHC,85.8043
688,dsgdb9nsd_000049,9,3,3JHN,1.83642
689,dsgdb9nsd_000049,9,10,2JHH,-11.251
690,dsgdb9nsd_000049,10,0,3JHC,1.50753
691,dsgdb9nsd_000049,10,1,2JHC,-5.25371
692,dsgdb9nsd_000049,10,2,1JHC,85.7797
693,dsgdb9nsd_000049,10,3,3JHN,2.43662
694,dsgdb9nsd_000049,11,1,3JHC,7.60806
695,dsgdb9nsd_000049,11,3,2JHN,0.784661
696,dsgdb9nsd_000050,5,0,1JHN,59.301
697,dsgdb9nsd_000050,5,1,2JHC,2.82625
698,dsgdb9nsd_000050,5,2,3JHC,6.73783
699,dsgdb9nsd_000050,5,3,3JHC,6.73789
700,dsgdb9nsd_000050,5,4,2JHC,2.82632
701,dsgdb9nsd_000050,5,6,3JHH,0.689723
702,dsgdb9nsd_000050,5,9,3JHH,0.689683
703,dsgdb9nsd_000050,6,0,2JHN,3.80559
704,dsgdb9nsd_000050,6,1,1JHC,125.638
705,dsgdb9nsd_000050,6,2,2JHC,5.96429
706,dsgdb9nsd_000050,6,3,3JHC,6.7284
707,dsgdb9nsd_000050,6,4,3JHC,4.69772
708,dsgdb9nsd_000050,6,7,3JHH,0.82733
709,dsgdb9nsd_000050,7,0,3JHN,3.58086
710,dsgdb9nsd_000050,7,1,2JHC,6.6101
711,dsgdb9nsd_000050,7,2,1JHC,128.629
712,dsgdb9nsd_000050,7,3,2JHC,3.66156
713,dsgdb9nsd_000050,7,4,3JHC,7.2705
714,dsgdb9nsd_000050,7,8,3JHH,1.42582
715,dsgdb9nsd_000050,8,0,3JHN,3.58088
716,dsgdb9nsd_000050,8,1,3JHC,7.27054
717,dsgdb9nsd_000050,8,2,2JHC,3.66161
718,dsgdb9nsd_000050,8,3,1JHC,128.629
719,dsgdb9nsd_000050,8,4,2JHC,6.6101
720,dsgdb9nsd_000050,8,9,3JHH,0.827368
721,dsgdb9nsd_000050,9,0,2JHN,3.8056
722,dsgdb9nsd_000050,9,1,3JHC,4.69772
723,dsgdb9nsd_000050,9,2,3JHC,6.72837
724,dsgdb9nsd_000050,9,3,2JHC,5.96424
725,dsgdb9nsd_000050,9,4,1JHC,125.638
726,dsgdb9nsd_000051,5,0,1JHN,57.3979
727,dsgdb9nsd_000051,5,1,2JHC,4.37531
728,dsgdb9nsd_000051,5,2,3JHC,7.87579
729,dsgdb9nsd_000051,5,3,3JHN,-0.80412
730,dsgdb9nsd_000051,5,4,2JHC,4.15624
731,dsgdb9nsd_000051,5,6,3JHH,0.103684
732,dsgdb9nsd_000051,5,8,3JHH,-0.788261
733,dsgdb9nsd_000051,6,0,2JHN,4.27436
734,dsgdb9nsd_000051,6,1,1JHC,128.354
735,dsgdb9nsd_000051,6,2,2JHC,6.751
736,dsgdb9nsd_000051,6,3,3JHN,0.169327
737,dsgdb9nsd_000051,6,4,3JHC,5.91446
738,dsgdb9nsd_000051,6,7,3JHH,-0.42693
739,dsgdb9nsd_000051,7,0,3JHN,2.00674
740,dsgdb9nsd_000051,7,1,2JHC,14.8351
741,dsgdb9nsd_000051,7,2,1JHC,134.89
742,dsgdb9nsd_000051,7,3,2JHN,9.05653
743,dsgdb9nsd_000051,7,4,3JHC,10.2926
744,dsgdb9nsd_000051,8,0,2JHN,7.66335
745,dsgdb9nsd_000051,8,1,3JHC,1.6192
746,dsgdb9nsd_000051,8,2,3JHC,8.66528
747,dsgdb9nsd_000051,8,3,2JHN,9.96936
748,dsgdb9nsd_000051,8,4,1JHC,129.188
749,dsgdb9nsd_000052,5,1,1JHC,133.453
750,dsgdb9nsd_000052,5,2,2JHC,11.0216
751,dsgdb9nsd_000052,5,3,3JHC,5.27525
752,dsgdb9nsd_000052,5,4,3JHC,4.78968
753,dsgdb9nsd_000052,5,6,3JHH,-0.048813
754,dsgdb9nsd_000052,6,1,2JHC,8.5724
755,dsgdb9nsd_000052,6,2,1JHC,131.108
756,dsgdb9nsd_000052,6,3,2JHC,3.77987
757,dsgdb9nsd_000052,6,4,3JHC,7.03944
758,dsgdb9nsd_000052,6,7,3JHH,1.15726
759,dsgdb9nsd_000052,7,1,3JHC,7.03945
760,dsgdb9nsd_000052,7,2,2JHC,3.77986
761,dsgdb9nsd_000052,7,3,1JHC,131.108
762,dsgdb9nsd_000052,7,4,2JHC,8.57246
763,dsgdb9nsd_000052,7,8,3JHH,-0.048813
764,dsgdb9nsd_000052,8,1,3JHC,4.78962
765,dsgdb9nsd_000052,8,2,3JHC,5.27526
766,dsgdb9nsd_000052,8,3,2JHC,11.0216
767,dsgdb9nsd_000052,8,4,1JHC,133.453
768,dsgdb9nsd_000053,5,1,1JHC,137.163
769,dsgdb9nsd_000053,5,2,2JHC,11.9544
770,dsgdb9nsd_000053,5,3,3JHN,0.184333
771,dsgdb9nsd_000053,5,4,3JHC,6.35128
772,dsgdb9nsd_000053,5,6,3JHH,-0.817783
773,dsgdb9nsd_000053,6,1,2JHC,16.2774
774,dsgdb9nsd_000053,6,2,1JHC,138.74
775,dsgdb9nsd_000053,6,3,2JHN,8.87941
776,dsgdb9nsd_000053,6,4,3JHC,10.3226
777,dsgdb9nsd_000053,7,1,3JHC,1.5463
778,dsgdb9nsd_000053,7,2,3JHC,7.08456
779,dsgdb9nsd_000053,7,3,2JHN,11.371
780,dsgdb9nsd_000053,7,4,1JHC,138.818
781,dsgdb9nsd_000055,5,0,1JHC,79.6912
782,dsgdb9nsd_000055,5,1,2JHC,-2.80901
783,dsgdb9nsd_000055,5,2,3JHC,2.67738
784,dsgdb9nsd_000055,5,3,3JHC,7.21331
785,dsgdb9nsd_000055,5,6,2JHH,-10.6656
786,dsgdb9nsd_000055,5,7,2JHH,-11.8623
787,dsgdb9nsd_000055,6,0,1JHC,83.683
788,dsgdb9nsd_000055,6,1,2JHC,-3.06692
789,dsgdb9nsd_000055,6,2,3JHC,7.26063
790,dsgdb9nsd_000055,6,3,3JHC,2.46406
791,dsgdb9nsd_000055,6,7,2JHH,-11.1578
792,dsgdb9nsd_000055,7,0,1JHC,78.2828
793,dsgdb9nsd_000055,7,1,2JHC,1.53864
794,dsgdb9nsd_000055,7,2,3JHC,0.652705
795,dsgdb9nsd_000055,7,3,3JHC,1.04855
796,dsgdb9nsd_000055,8,0,3JHC,0.653122
797,dsgdb9nsd_000055,8,1,2JHC,1.53888
798,dsgdb9nsd_000055,8,2,1JHC,78.2818
799,dsgdb9nsd_000055,8,3,3JHC,1.0478
800,dsgdb9nsd_000055,8,9,2JHH,-11.1574
801,dsgdb9nsd_000055,8,10,2JHH,-11.8634
802,dsgdb9nsd_000055,9,0,3JHC,7.26101
803,dsgdb9nsd_000055,9,1,2JHC,-3.06638
804,dsgdb9nsd_000055,9,2,1JHC,83.6822
805,dsgdb9nsd_000055,9,3,3JHC,2.46408
806,dsgdb9nsd_000055,9,10,2JHH,-10.6663
807,dsgdb9nsd_000055,10,0,3JHC,2.67699
808,dsgdb9nsd_000055,10,1,2JHC,-2.80958
809,dsgdb9nsd_000055,10,2,1JHC,79.6918
810,dsgdb9nsd_000055,10,3,3JHC,7.21315
811,dsgdb9nsd_000055,11,0,3JHC,2.59298
812,dsgdb9nsd_000055,11,1,2JHC,-3.33848
813,dsgdb9nsd_000055,11,2,3JHC,7.68584
814,dsgdb9nsd_000055,11,3,1JHC,82.5918
815,dsgdb9nsd_000055,11,12,2JHH,-11.1778
816,dsgdb9nsd_000055,11,13,2JHH,-11.0438
817,dsgdb9nsd_000055,12,0,3JHC,7.68603
818,dsgdb9nsd_000055,12,1,2JHC,-3.33848
819,dsgdb9nsd_000055,12,2,3JHC,2.592
820,dsgdb9nsd_000055,12,3,1JHC,82.5895
821,dsgdb9nsd_000055,12,13,2JHH,-11.0441
822,dsgdb9nsd_000055,13,0,3JHC,1.05203
823,dsgdb9nsd_000055,13,1,2JHC,2.15932
824,dsgdb9nsd_000055,13,2,3JHC,1.05222
825,dsgdb9nsd_000055,13,3,1JHC,78.5151
826,dsgdb9nsd_000055,14,0,3JHC,0.584818
827,dsgdb9nsd_000055,14,1,2JHC,-0.784521
828,dsgdb9nsd_000055,14,2,3JHC,0.584727
829,dsgdb9nsd_000055,14,3,3JHC,7.93283
830,dsgdb9nsd_000056,5,0,1JHC,82.7885
831,dsgdb9nsd_000056,5,1,2JHC,-3.31913
832,dsgdb9nsd_000056,5,3,3JHC,0.07305
833,dsgdb9nsd_000056,5,6,2JHH,-17.0372
834,dsgdb9nsd_000056,5,7,2JHH,-10.51
835,dsgdb9nsd_000056,6,0,1JHC,82.8203
836,dsgdb9nsd_000056,6,1,2JHC,-3.30525
837,dsgdb9nsd_000056,6,3,3JHC,0.077468
838,dsgdb9nsd_000056,6,7,2JHH,-10.4723
839,dsgdb9nsd_000056,7,0,1JHC,91.0982
840,dsgdb9nsd_000056,7,1,2JHC,-6.49441
841,dsgdb9nsd_000056,7,3,3JHC,5.255
842,dsgdb9nsd_000056,8,1,3JHC,2.3673
843,dsgdb9nsd_000056,8,3,2JHC,16.0897
844,dsgdb9nsd_000056,8,4,1JHC,197.184
845,dsgdb9nsd_000057,5,0,1JHC,85.0655
846,dsgdb9nsd_000057,5,1,2JHC,-3.9697
847,dsgdb9nsd_000057,5,3,3JHC,0.02677
848,dsgdb9nsd_000057,5,6,2JHH,-17.9188
849,dsgdb9nsd_000057,5,7,2JHH,-10.7473
850,dsgdb9nsd_000057,6,0,1JHC,85.061
851,dsgdb9nsd_000057,6,1,2JHC,-3.97155
852,dsgdb9nsd_000057,6,3,3JHC,0.026004
853,dsgdb9nsd_000057,6,7,2JHH,-10.7526
854,dsgdb9nsd_000057,7,0,1JHC,91.1727
855,dsgdb9nsd_000057,7,1,2JHC,-6.46907
856,dsgdb9nsd_000057,7,3,3JHC,5.93853
857,dsgdb9nsd_000059,5,0,1JHN,58.1002
858,dsgdb9nsd_000059,5,1,2JHC,-2.61259
859,dsgdb9nsd_000059,5,3,3JHC,8.91061
860,dsgdb9nsd_000059,5,6,2JHH,5.90965
861,dsgdb9nsd_000059,6,0,1JHN,57.24
862,dsgdb9nsd_000059,6,1,2JHC,3.71587
863,dsgdb9nsd_000059,6,3,3JHC,0.861965
864,dsgdb9nsd_000059,7,1,3JHC,2.32412
865,dsgdb9nsd_000059,7,3,2JHC,16.5772
866,dsgdb9nsd_000059,7,4,1JHC,195.733
867,dsgdb9nsd_000060,5,0,1JHC,84.4327
868,dsgdb9nsd_000060,5,1,2JHC,-3.91544
869,dsgdb9nsd_000060,5,3,3JHC,-0.444453
870,dsgdb9nsd_000060,5,6,2JHH,-18.3082
871,dsgdb9nsd_000060,5,7,2JHH,-10.1906
872,dsgdb9nsd_000060,6,0,1JHC,84.42
873,dsgdb9nsd_000060,6,1,2JHC,-3.91973
874,dsgdb9nsd_000060,6,3,3JHC,-0.445663
875,dsgdb9nsd_000060,6,7,2JHH,-10.2056
876,dsgdb9nsd_000060,7,0,1JHC,88.2825
877,dsgdb9nsd_000060,7,1,2JHC,-4.85262
878,dsgdb9nsd_000060,7,3,3JHC,4.25091
879,dsgdb9nsd_000060,8,0,3JHC,3.49741
880,dsgdb9nsd_000060,8,1,2JHC,24.3877
881,dsgdb9nsd_000060,8,3,1JHC,121.767
882,dsgdb9nsd_000063,5,0,1JHC,82.7545
883,dsgdb9nsd_000063,5,1,2JHC,-1.80896
884,dsgdb9nsd_000063,5,2,3JHC,1.88041
885,dsgdb9nsd_000063,5,3,3JHC,9.69717
886,dsgdb9nsd_000063,5,6,2JHH,-10.9142
887,dsgdb9nsd_000063,5,7,2JHH,-10.84
888,dsgdb9nsd_000063,5,8,3JHH,3.52879
889,dsgdb9nsd_000063,6,0,1JHC,82.6664
890,dsgdb9nsd_000063,6,1,2JHC,-1.40134
891,dsgdb9nsd_000063,6,2,3JHC,8.91241
892,dsgdb9nsd_000063,6,3,3JHC,2.0559
893,dsgdb9nsd_000063,6,7,2JHH,-11.542
894,dsgdb9nsd_000063,6,8,3JHH,3.13384
895,dsgdb9nsd_000063,7,0,1JHC,85.4122
896,dsgdb9nsd_000063,7,1,2JHC,-1.79652
897,dsgdb9nsd_000063,7,2,3JHC,2.7216
898,dsgdb9nsd_000063,7,3,3JHC,2.46697
899,dsgdb9nsd_000063,7,8,3JHH,11.104
900,dsgdb9nsd_000063,8,0,2JHC,-3.19491
901,dsgdb9nsd_000063,8,1,1JHC,86.2557
902,dsgdb9nsd_000063,8,2,2JHC,-3.19491
903,dsgdb9nsd_000063,8,3,2JHC,-8.63328
904,dsgdb9nsd_000063,8,4,3JHC,3.85028
905,dsgdb9nsd_000063,8,9,3JHH,11.1043
906,dsgdb9nsd_000063,8,10,3JHH,3.13264
907,dsgdb9nsd_000063,8,11,3JHH,3.53009
908,dsgdb9nsd_000063,9,0,3JHC,2.72309
909,dsgdb9nsd_000063,9,1,2JHC,-1.79621
910,dsgdb9nsd_000063,9,2,1JHC,85.4127
911,dsgdb9nsd_000063,9,3,3JHC,2.46605
912,dsgdb9nsd_000063,9,10,2JHH,-11.5425
913,dsgdb9nsd_000063,9,11,2JHH,-10.8398
914,dsgdb9nsd_000063,10,0,3JHC,8.91231
915,dsgdb9nsd_000063,10,1,2JHC,-1.4016
916,dsgdb9nsd_000063,10,2,1JHC,82.6692
917,dsgdb9nsd_000063,10,3,3JHC,2.05726
918,dsgdb9nsd_000063,10,11,2JHH,-10.9137
919,dsgdb9nsd_000063,11,0,3JHC,1.87903
920,dsgdb9nsd_000063,11,1,2JHC,-1.8089
921,dsgdb9nsd_000063,11,2,1JHC,82.7516
922,dsgdb9nsd_000063,11,3,3JHC,9.69734
923,dsgdb9nsd_000063,12,1,3JHC,2.0999
924,dsgdb9nsd_000063,12,3,2JHC,18.1326
925,dsgdb9nsd_000063,12,4,1JHC,196.575
926,dsgdb9nsd_000065,5,0,1JHC,86.286
927,dsgdb9nsd_000065,5,1,2JHC,-2.70554
928,dsgdb9nsd_000065,5,2,3JHN,0.740765
929,dsgdb9nsd_000065,5,3,3JHC,9.26272
930,dsgdb9nsd_000065,5,6,2JHH,-11.0437
931,dsgdb9nsd_000065,5,7,2JHH,-10.9021
932,dsgdb9nsd_000065,5,8,3JHH,4.04323
933,dsgdb9nsd_000065,6,0,1JHC,83.1433
934,dsgdb9nsd_000065,6,1,2JHC,-0.142775
935,dsgdb9nsd_000065,6,2,3JHN,4.68904
936,dsgdb9nsd_000065,6,3,3JHC,1.082
937,dsgdb9nsd_000065,6,7,2JHH,-11.9139
938,dsgdb9nsd_000065,6,8,3JHH,3.12541
939,dsgdb9nsd_000065,7,0,1JHC,85.0522
940,dsgdb9nsd_000065,7,1,2JHC,-3.1432
941,dsgdb9nsd_000065,7,2,3JHN,1.09287
942,dsgdb9nsd_000065,7,3,3JHC,2.95555
943,dsgdb9nsd_000065,7,8,3JHH,11.2689
944,dsgdb9nsd_000065,8,0,2JHC,-3.89557
945,dsgdb9nsd_000065,8,1,1JHC,93.4157
946,dsgdb9nsd_000065,8,2,2JHN,2.24208
947,dsgdb9nsd_000065,8,3,2JHC,-3.62842
948,dsgdb9nsd_000065,8,4,3JHN,0.777179
949,dsgdb9nsd_000065,8,9,3JHH,13.1715
950,dsgdb9nsd_000065,8,10,3JHH,2.40551
951,dsgdb9nsd_000065,9,0,3JHC,1.53076
952,dsgdb9nsd_000065,9,1,2JHC,-1.08303
953,dsgdb9nsd_000065,9,2,1JHN,38.278
954,dsgdb9nsd_000065,9,3,3JHC,1.78531
955,dsgdb9nsd_000065,9,10,2JHH,-9.66039
956,dsgdb9nsd_000065,10,0,3JHC,8.42536
957,dsgdb9nsd_000065,10,1,2JHC,-0.807831
958,dsgdb9nsd_000065,10,2,1JHN,38.0507
959,dsgdb9nsd_000065,10,3,3JHC,1.12917
960,dsgdb9nsd_000066,5,0,1JHC,80.5361
961,dsgdb9nsd_000066,5,1,2JHC,1.61507
962,dsgdb9nsd_000066,5,3,3JHC,0.647505
963,dsgdb9nsd_000066,5,6,2JHH,-12.0763
964,dsgdb9nsd_000066,5,7,2JHH,-11.0808
965,dsgdb9nsd_000066,5,8,3JHH,2.28063
966,dsgdb9nsd_000066,6,0,1JHC,83.7287
967,dsgdb9nsd_000066,6,1,2JHC,-3.46224
968,dsgdb9nsd_000066,6,3,3JHC,3.26785
969,dsgdb9nsd_000066,6,7,2JHH,-10.181
970,dsgdb9nsd_000066,6,8,3JHH,10.7567
971,dsgdb9nsd_000066,7,0,1JHC,85.7609
972,dsgdb9nsd_000066,7,1,2JHC,-4.01092
973,dsgdb9nsd_000066,7,3,3JHC,8.72521
974,dsgdb9nsd_000066,7,8,3JHH,4.07583
975,dsgdb9nsd_000066,8,0,2JHC,-1.98206
976,dsgdb9nsd_000066,8,1,1JHC,99.951
977,dsgdb9nsd_000066,8,3,2JHC,-6.88414
978,dsgdb9nsd_000066,8,4,3JHC,3.67911
979,dsgdb9nsd_000066,8,9,3JHH,12.8806
980,dsgdb9nsd_000066,9,0,3JHC,-0.248498
981,dsgdb9nsd_000066,9,1,2JHC,-1.37857
982,dsgdb9nsd_000066,9,3,3JHC,2.19789
983,dsgdb9nsd_000066,10,1,3JHC,2.07464
984,dsgdb9nsd_000066,10,3,2JHC,17.8931
985,dsgdb9nsd_000066,10,4,1JHC,196.756
986,dsgdb9nsd_000067,5,0,1JHC,86.1966
987,dsgdb9nsd_000067,5,1,2JHC,-3.54672
988,dsgdb9nsd_000067,5,3,3JHC,9.06863
989,dsgdb9nsd_000067,5,6,2JHH,-11.6133
990,dsgdb9nsd_000067,5,7,2JHH,-10.3791
991,dsgdb9nsd_000067,5,8,3JHH,4.28368
992,dsgdb9nsd_000067,6,0,1JHC,82.4494
993,dsgdb9nsd_000067,6,1,2JHC,1.25777
994,dsgdb9nsd_000067,6,3,3JHC,0.635758
995,dsgdb9nsd_000067,6,7,2JHH,-12.3369
996,dsgdb9nsd_000067,6,8,3JHH,2.32327
997,dsgdb9nsd_000067,7,0,1JHC,85.1004
998,dsgdb9nsd_000067,7,1,2JHC,-3.87368
